<ImportExportXml version="9.2.24122.148" SolutionPackageVersion="9.2" languagecode="1033" generatedBy="CrmLive" xmlns:xsi="http://www.w3.org/2001/XMLSchema-instance" OrganizationVersion="9.2.24122.148" OrganizationSchemaType="Full" CRMServerServiceabilityVersion="9.2.24122.00148">
  <SolutionManifest>
    <UniqueName>TC_GlobalCore_Patch_10b4386f</UniqueName>
    <LocalizedNames>
      <LocalizedName description="TDG Core Schema" languagecode="1033" />
    </LocalizedNames>
    <Descriptions>
      <Description description="Patch for TDG Core Schema" languagecode="1033" />
    </Descriptions>
    <ParentUniqueName>TC_GlobalCore</ParentUniqueName>
    <Version>1.168.5.1</Version>
    <Managed>0</Managed>
    <Publisher>
      <UniqueName>oversightpublisher</UniqueName>
      <LocalizedNames>
        <LocalizedName description="Oversight" languagecode="1033" />
      </LocalizedNames>
      <Descriptions>
        <Description description="This is the common solution for AvSec Inspection and TDG Inspection." languagecode="1033" />
      </Descriptions>
      <EMailAddress xsi:nil="true"></EMailAddress>
      <SupportingWebsiteUrl xsi:nil="true"></SupportingWebsiteUrl>
      <CustomizationPrefix>ovs</CustomizationPrefix>
      <CustomizationOptionValuePrefix>91864</CustomizationOptionValuePrefix>
      <Addresses>
        <Address>
          <AddressNumber>1</AddressNumber>
          <AddressTypeCode>1</AddressTypeCode>
          <City xsi:nil="true"></City>
          <County xsi:nil="true"></County>
          <Country xsi:nil="true"></Country>
          <Fax xsi:nil="true"></Fax>
          <FreightTermsCode xsi:nil="true"></FreightTermsCode>
          <ImportSequenceNumber xsi:nil="true"></ImportSequenceNumber>
          <Latitude xsi:nil="true"></Latitude>
          <Line1 xsi:nil="true"></Line1>
          <Line2 xsi:nil="true"></Line2>
          <Line3 xsi:nil="true"></Line3>
          <Longitude xsi:nil="true"></Longitude>
          <Name xsi:nil="true"></Name>
          <PostalCode xsi:nil="true"></PostalCode>
          <PostOfficeBox xsi:nil="true"></PostOfficeBox>
          <PrimaryContactName xsi:nil="true"></PrimaryContactName>
          <ShippingMethodCode>1</ShippingMethodCode>
          <StateOrProvince xsi:nil="true"></StateOrProvince>
          <Telephone1 xsi:nil="true"></Telephone1>
          <Telephone2 xsi:nil="true"></Telephone2>
          <Telephone3 xsi:nil="true"></Telephone3>
          <TimeZoneRuleVersionNumber xsi:nil="true"></TimeZoneRuleVersionNumber>
          <UPSZone xsi:nil="true"></UPSZone>
          <UTCOffset xsi:nil="true"></UTCOffset>
          <UTCConversionTimeZoneCode xsi:nil="true"></UTCConversionTimeZoneCode>
        </Address>
        <Address>
          <AddressNumber>2</AddressNumber>
          <AddressTypeCode>1</AddressTypeCode>
          <City xsi:nil="true"></City>
          <County xsi:nil="true"></County>
          <Country xsi:nil="true"></Country>
          <Fax xsi:nil="true"></Fax>
          <FreightTermsCode xsi:nil="true"></FreightTermsCode>
          <ImportSequenceNumber xsi:nil="true"></ImportSequenceNumber>
          <Latitude xsi:nil="true"></Latitude>
          <Line1 xsi:nil="true"></Line1>
          <Line2 xsi:nil="true"></Line2>
          <Line3 xsi:nil="true"></Line3>
          <Longitude xsi:nil="true"></Longitude>
          <Name xsi:nil="true"></Name>
          <PostalCode xsi:nil="true"></PostalCode>
          <PostOfficeBox xsi:nil="true"></PostOfficeBox>
          <PrimaryContactName xsi:nil="true"></PrimaryContactName>
          <ShippingMethodCode>1</ShippingMethodCode>
          <StateOrProvince xsi:nil="true"></StateOrProvince>
          <Telephone1 xsi:nil="true"></Telephone1>
          <Telephone2 xsi:nil="true"></Telephone2>
          <Telephone3 xsi:nil="true"></Telephone3>
          <TimeZoneRuleVersionNumber xsi:nil="true"></TimeZoneRuleVersionNumber>
          <UPSZone xsi:nil="true"></UPSZone>
          <UTCOffset xsi:nil="true"></UTCOffset>
          <UTCConversionTimeZoneCode xsi:nil="true"></UTCConversionTimeZoneCode>
        </Address>
      </Addresses>
    </Publisher>
    <RootComponents>
      <RootComponent type="1" schemaName="ovs_incident_report" behavior="2" />
      <RootComponent type="9" schemaName="ovs_incidentsource" behavior="0" />
    </RootComponents>
    <MissingDependencies>
      <MissingDependency>
        <Required type="1" schemaName="ovs_incident_organization" displayName="Incident Organization" solution="Active" />
        <Dependent type="60" displayName="Information" parentDisplayName="Incident Report" id="{ee604d8a-4a0b-48ff-af79-eef48d71f87f}" />
      </MissingDependency>
      <MissingDependency>
        <Required type="1" schemaName="ovs_incident_report" displayName="Incident Report" solution="Active" />
        <Dependent type="1" schemaName="ovs_incident_report" displayName="Incident Report" />
      </MissingDependency>
      <MissingDependency>
        <Required type="1" schemaName="ovs_incidenterap" displayName="Incident ERAP" solution="Active" />
        <Dependent type="60" displayName="Information" parentDisplayName="Incident Report" id="{ee604d8a-4a0b-48ff-af79-eef48d71f87f}" />
      </MissingDependency>
      <MissingDependency>
        <Required type="1" schemaName="ovs_moc" displayName="MOC" solution="Active" />
        <Dependent type="60" displayName="Information" parentDisplayName="Incident Report" id="{ee604d8a-4a0b-48ff-af79-eef48d71f87f}" />
      </MissingDependency>
      <MissingDependency>
        <Required type="10" schemaName="ovs_incident_report_account" displayName="ovs_incident_report_account" parentSchemaName="account" parentDisplayName="Account" solution="Active" />
        <Dependent type="60" displayName="Information" parentDisplayName="Incident Report" id="{ee604d8a-4a0b-48ff-af79-eef48d71f87f}" />
      </MissingDependency>
      <MissingDependency>
        <Required type="10" schemaName="ovs_incident_report_submitting_contact" displayName="ovs_incident_report_submitting_contact" parentSchemaName="contact" parentDisplayName="Contact" solution="Active" />
        <Dependent type="60" displayName="Information" parentDisplayName="Incident Report" id="{ee604d8a-4a0b-48ff-af79-eef48d71f87f}" />
      </MissingDependency>
      <MissingDependency>
        <Required type="10" schemaName="ovs_incident_incident_report" displayName="ovs_incident_incident_report" parentSchemaName="ovs_incident" parentDisplayName="Incident" solution="Active" />
        <Dependent type="60" displayName="Information" parentDisplayName="Incident Report" id="{ee604d8a-4a0b-48ff-af79-eef48d71f87f}" />
      </MissingDependency>
      <MissingDependency>
        <Required type="10" schemaName="ovs_incident_report_incident_organization" displayName="ovs_incident_report_incident_organization" parentSchemaName="ovs_incident_report" parentDisplayName="Incident Report" solution="Active" />
        <Dependent type="60" displayName="Information" parentDisplayName="Incident Report" id="{ee604d8a-4a0b-48ff-af79-eef48d71f87f}" />
      </MissingDependency>
      <MissingDependency>
        <Required type="10" schemaName="ovs_incident_report_moc" displayName="ovs_incident_report_moc" parentSchemaName="ovs_incident_report" parentDisplayName="Incident Report" solution="Active" />
        <Dependent type="60" displayName="Information" parentDisplayName="Incident Report" id="{ee604d8a-4a0b-48ff-af79-eef48d71f87f}" />
      </MissingDependency>
      <MissingDependency>
        <Required type="10" schemaName="ovs_IncidentERAP_incident_report" displayName="ovs_IncidentERAP_incident_report" parentSchemaName="ovs_incident_report" parentDisplayName="Incident Report" solution="Active" />
        <Dependent type="60" displayName="Information" parentDisplayName="Incident Report" id="{ee604d8a-4a0b-48ff-af79-eef48d71f87f}" />
      </MissingDependency>
      <MissingDependency>
        <Required type="2" schemaName="createdon" displayName="Created On" parentSchemaName="ovs_incident_report" parentDisplayName="Incident Report" solution="Active" />
        <Dependent type="60" displayName="Information" parentDisplayName="Incident Report" id="{ee604d8a-4a0b-48ff-af79-eef48d71f87f}" />
      </MissingDependency>
      <MissingDependency>
        <Required type="2" schemaName="ovs_account_id" displayName="Organization which submitted report" parentSchemaName="ovs_incident_report" parentDisplayName="Incident Report" solution="Active" />
        <Dependent type="60" displayName="Information" parentDisplayName="Incident Report" id="{ee604d8a-4a0b-48ff-af79-eef48d71f87f}" />
      </MissingDependency>
      <MissingDependency>
        <Required type="2" schemaName="ovs_address_description_txt" displayName="Address Description" parentSchemaName="ovs_incident_report" parentDisplayName="Incident Report" solution="Active" />
        <Dependent type="60" displayName="Information" parentDisplayName="Incident Report" id="{ee604d8a-4a0b-48ff-af79-eef48d71f87f}" />
      </MissingDependency>
      <MissingDependency>
        <Required type="2" schemaName="ovs_analyst_report_ind" displayName="Analyst Report" parentSchemaName="ovs_incident_report" parentDisplayName="Incident Report" solution="Active" />
        <Dependent type="60" displayName="Information" parentDisplayName="Incident Report" id="{ee604d8a-4a0b-48ff-af79-eef48d71f87f}" />
      </MissingDependency>
      <MissingDependency>
        <Required type="2" schemaName="ovs_any_damage_to_property_or_environment_ind" displayName="Any damage  t​o property or environment?" parentSchemaName="ovs_incident_report" parentDisplayName="Incident Report" solution="Active" />
        <Dependent type="60" displayName="Information" parentDisplayName="Incident Report" id="{ee604d8a-4a0b-48ff-af79-eef48d71f87f}" />
      </MissingDependency>
      <MissingDependency>
        <Required type="2" schemaName="ovs_canutec_date_dte" displayName="CANUTEC Date" parentSchemaName="ovs_incident_report" parentDisplayName="Incident Report" solution="Active" />
        <Dependent type="60" displayName="Information" parentDisplayName="Incident Report" id="{ee604d8a-4a0b-48ff-af79-eef48d71f87f}" />
      </MissingDependency>
      <MissingDependency>
        <Required type="2" schemaName="ovs_canutec_reference_number_txt" displayName="CANUTEC Reference Number" parentSchemaName="ovs_incident_report" parentDisplayName="Incident Report" solution="Active" />
        <Dependent type="60" displayName="Information" parentDisplayName="Incident Report" id="{ee604d8a-4a0b-48ff-af79-eef48d71f87f}" />
      </MissingDependency>
      <MissingDependency>
        <Required type="2" schemaName="ovs_causes_cds" displayName="Causes" parentSchemaName="ovs_incident_report" parentDisplayName="Incident Report" solution="Active" />
        <Dependent type="60" displayName="Information" parentDisplayName="Incident Report" id="{ee604d8a-4a0b-48ff-af79-eef48d71f87f}" />
      </MissingDependency>
      <MissingDependency>
        <Required type="2" schemaName="ovs_city_txt" displayName="City" parentSchemaName="ovs_incident_report" parentDisplayName="Incident Report" solution="Active" />
        <Dependent type="60" displayName="Information" parentDisplayName="Incident Report" id="{ee604d8a-4a0b-48ff-af79-eef48d71f87f}" />
      </MissingDependency>
      <MissingDependency>
        <Required type="2" schemaName="ovs_closure_ind" displayName="Closure" parentSchemaName="ovs_incident_report" parentDisplayName="Incident Report" solution="Active" />
        <Dependent type="60" displayName="Information" parentDisplayName="Incident Report" id="{ee604d8a-4a0b-48ff-af79-eef48d71f87f}" />
      </MissingDependency>
      <MissingDependency>
        <Required type="2" schemaName="ovs_closure_type_cds" displayName="Closure Type" parentSchemaName="ovs_incident_report" parentDisplayName="Incident Report" solution="Active" />
        <Dependent type="60" displayName="Information" parentDisplayName="Incident Report" id="{ee604d8a-4a0b-48ff-af79-eef48d71f87f}" />
      </MissingDependency>
      <MissingDependency>
        <Required type="2" schemaName="ovs_cost_of_damages_num" displayName="Damage to Property" parentSchemaName="ovs_incident_report" parentDisplayName="Incident Report" solution="Active" />
        <Dependent type="60" displayName="Information" parentDisplayName="Incident Report" id="{ee604d8a-4a0b-48ff-af79-eef48d71f87f}" />
      </MissingDependency>
      <MissingDependency>
        <Required type="2" schemaName="ovs_cost_of_dangerous_goods_num" displayName="Material Loss of Dangerous Goods" parentSchemaName="ovs_incident_report" parentDisplayName="Incident Report" solution="Active" />
        <Dependent type="60" displayName="Information" parentDisplayName="Incident Report" id="{ee604d8a-4a0b-48ff-af79-eef48d71f87f}" />
      </MissingDependency>
      <MissingDependency>
        <Required type="2" schemaName="ovs_cost_of_remediation_num" displayName="Emergency Response Cost" parentSchemaName="ovs_incident_report" parentDisplayName="Incident Report" solution="Active" />
        <Dependent type="60" displayName="Information" parentDisplayName="Incident Report" id="{ee604d8a-4a0b-48ff-af79-eef48d71f87f}" />
      </MissingDependency>
      <MissingDependency>
        <Required type="2" schemaName="ovs_country_txt" displayName="Country" parentSchemaName="ovs_incident_report" parentDisplayName="Incident Report" solution="Active" />
        <Dependent type="60" displayName="Information" parentDisplayName="Incident Report" id="{ee604d8a-4a0b-48ff-af79-eef48d71f87f}" />
      </MissingDependency>
      <MissingDependency>
        <Required type="2" schemaName="ovs_dangerous_goods_cleanup_cost_num" displayName="Cleanup Cost" parentSchemaName="ovs_incident_report" parentDisplayName="Incident Report" solution="Active" />
        <Dependent type="60" displayName="Information" parentDisplayName="Incident Report" id="{ee604d8a-4a0b-48ff-af79-eef48d71f87f}" />
      </MissingDependency>
      <MissingDependency>
        <Required type="2" schemaName="ovs_days_2report_num" displayName="Days to Report" parentSchemaName="ovs_incident_report" parentDisplayName="Incident Report" solution="Active" />
        <Dependent type="60" displayName="Information" parentDisplayName="Incident Report" id="{ee604d8a-4a0b-48ff-af79-eef48d71f87f}" />
      </MissingDependency>
      <MissingDependency>
        <Required type="2" schemaName="ovs_deaths_attributed_to_dangerous_goods_txt" displayName="Deaths attributed to Dangerous Goods" parentSchemaName="ovs_incident_report" parentDisplayName="Incident Report" solution="Active" />
        <Dependent type="60" displayName="Information" parentDisplayName="Incident Report" id="{ee604d8a-4a0b-48ff-af79-eef48d71f87f}" />
      </MissingDependency>
      <MissingDependency>
        <Required type="2" schemaName="ovs_deaths_attributed_to_incident_txt" displayName="Deaths attributed to Incident" parentSchemaName="ovs_incident_report" parentDisplayName="Incident Report" solution="Active" />
        <Dependent type="60" displayName="Information" parentDisplayName="Incident Report" id="{ee604d8a-4a0b-48ff-af79-eef48d71f87f}" />
      </MissingDependency>
      <MissingDependency>
        <Required type="2" schemaName="ovs_deaths_ind" displayName="Death" parentSchemaName="ovs_incident_report" parentDisplayName="Incident Report" solution="Active" />
        <Dependent type="60" displayName="Information" parentDisplayName="Incident Report" id="{ee604d8a-4a0b-48ff-af79-eef48d71f87f}" />
      </MissingDependency>
      <MissingDependency>
        <Required type="2" schemaName="ovs_describeanydamagetopropertyorenvironment" displayName="Describe damage to property or environment?" parentSchemaName="ovs_incident_report" parentDisplayName="Incident Report" solution="Active" />
        <Dependent type="60" displayName="Information" parentDisplayName="Incident Report" id="{ee604d8a-4a0b-48ff-af79-eef48d71f87f}" />
      </MissingDependency>
      <MissingDependency>
        <Required type="2" schemaName="ovs_describeseriousjeopardytoaircraftorpe_txt" displayName="Describe serious jeopardy  to aircraft or persons aboard?" parentSchemaName="ovs_incident_report" parentDisplayName="Incident Report" solution="Active" />
        <Dependent type="60" displayName="Information" parentDisplayName="Incident Report" id="{ee604d8a-4a0b-48ff-af79-eef48d71f87f}" />
      </MissingDependency>
      <MissingDependency>
        <Required type="2" schemaName="ovs_destination_txt" displayName="Destination" parentSchemaName="ovs_incident_report" parentDisplayName="Incident Report" solution="Active" />
        <Dependent type="60" displayName="Information" parentDisplayName="Incident Report" id="{ee604d8a-4a0b-48ff-af79-eef48d71f87f}" />
      </MissingDependency>
      <MissingDependency>
        <Required type="2" schemaName="ovs_didtheincidentresultininjuryordeath_ind" displayName="Did the incident result in  injury or death?" parentSchemaName="ovs_incident_report" parentDisplayName="Incident Report" solution="Active" />
        <Dependent type="60" displayName="Information" parentDisplayName="Incident Report" id="{ee604d8a-4a0b-48ff-af79-eef48d71f87f}" />
      </MissingDependency>
      <MissingDependency>
        <Required type="2" schemaName="ovs_didyou_reportthis_incidentto_canutec_ind" displayName="Did you report this incident to CANUTEC?" parentSchemaName="ovs_incident_report" parentDisplayName="Incident Report" solution="Active" />
        <Dependent type="60" displayName="Information" parentDisplayName="Incident Report" id="{ee604d8a-4a0b-48ff-af79-eef48d71f87f}" />
      </MissingDependency>
      <MissingDependency>
        <Required type="2" schemaName="ovs_duration_closure_num" displayName="Duration of Closure" parentSchemaName="ovs_incident_report" parentDisplayName="Incident Report" solution="Active" />
        <Dependent type="60" displayName="Information" parentDisplayName="Incident Report" id="{ee604d8a-4a0b-48ff-af79-eef48d71f87f}" />
      </MissingDependency>
      <MissingDependency>
        <Required type="2" schemaName="ovs_duration_evacuation_nbr" displayName="Duration of the evacuation order" parentSchemaName="ovs_incident_report" parentDisplayName="Incident Report" solution="Active" />
        <Dependent type="60" displayName="Information" parentDisplayName="Incident Report" id="{ee604d8a-4a0b-48ff-af79-eef48d71f87f}" />
      </MissingDependency>
      <MissingDependency>
        <Required type="2" schemaName="ovs_duration_shelter_nbr" displayName="Duration of the Shelter in place order" parentSchemaName="ovs_incident_report" parentDisplayName="Incident Report" solution="Active" />
        <Dependent type="60" displayName="Information" parentDisplayName="Incident Report" id="{ee604d8a-4a0b-48ff-af79-eef48d71f87f}" />
      </MissingDependency>
      <MissingDependency>
        <Required type="2" schemaName="ovs_emergency_response_personnel_cds" displayName="Emergency Response Personnel" parentSchemaName="ovs_incident_report" parentDisplayName="Incident Report" solution="Active" />
        <Dependent type="60" displayName="Information" parentDisplayName="Incident Report" id="{ee604d8a-4a0b-48ff-af79-eef48d71f87f}" />
      </MissingDependency>
      <MissingDependency>
        <Required type="2" schemaName="ovs_erap_required_ind" displayName="ERAP Required" parentSchemaName="ovs_incident_report" parentDisplayName="Incident Report" solution="Active" />
        <Dependent type="60" displayName="Information" parentDisplayName="Incident Report" id="{ee604d8a-4a0b-48ff-af79-eef48d71f87f}" />
      </MissingDependency>
      <MissingDependency>
        <Required type="2" schemaName="ovs_evacuation_count_num" displayName="Evacuation Count" parentSchemaName="ovs_incident_report" parentDisplayName="Incident Report" solution="Active" />
        <Dependent type="60" displayName="Information" parentDisplayName="Incident Report" id="{ee604d8a-4a0b-48ff-af79-eef48d71f87f}" />
      </MissingDependency>
      <MissingDependency>
        <Required type="2" schemaName="ovs_evacuation_due_incident_ind" displayName="Evacuation Due Incident" parentSchemaName="ovs_incident_report" parentDisplayName="Incident Report" solution="Active" />
        <Dependent type="60" displayName="Information" parentDisplayName="Incident Report" id="{ee604d8a-4a0b-48ff-af79-eef48d71f87f}" />
      </MissingDependency>
      <MissingDependency>
        <Required type="2" schemaName="ovs_evacuation_profile_cds" displayName="Evacuation Profile" parentSchemaName="ovs_incident_report" parentDisplayName="Incident Report" solution="Active" />
        <Dependent type="60" displayName="Information" parentDisplayName="Incident Report" id="{ee604d8a-4a0b-48ff-af79-eef48d71f87f}" />
      </MissingDependency>
      <MissingDependency>
        <Required type="2" schemaName="ovs_event_cleanup_costs_num" displayName="Damage Incurred by the Carrier" parentSchemaName="ovs_incident_report" parentDisplayName="Incident Report" solution="Active" />
        <Dependent type="60" displayName="Information" parentDisplayName="Incident Report" id="{ee604d8a-4a0b-48ff-af79-eef48d71f87f}" />
      </MissingDependency>
      <MissingDependency>
        <Required type="2" schemaName="ovs_geographic_area_cd" displayName="Geographic Area" parentSchemaName="ovs_incident_report" parentDisplayName="Incident Report" solution="Active" />
        <Dependent type="60" displayName="Information" parentDisplayName="Incident Report" id="{ee604d8a-4a0b-48ff-af79-eef48d71f87f}" />
      </MissingDependency>
      <MissingDependency>
        <Required type="2" schemaName="ovs_in_transit_ind" displayName="In Transit" parentSchemaName="ovs_incident_report" parentDisplayName="Incident Report" solution="Active" />
        <Dependent type="60" displayName="Information" parentDisplayName="Incident Report" id="{ee604d8a-4a0b-48ff-af79-eef48d71f87f}" />
      </MissingDependency>
      <MissingDependency>
        <Required type="2" schemaName="ovs_incident_date_dte" displayName="Incident Date &amp; Time" parentSchemaName="ovs_incident_report" parentDisplayName="Incident Report" solution="Active" />
        <Dependent type="60" displayName="Information" parentDisplayName="Incident Report" id="{ee604d8a-4a0b-48ff-af79-eef48d71f87f}" />
      </MissingDependency>
      <MissingDependency>
        <Required type="2" schemaName="ovs_incident_id" displayName="Incident" parentSchemaName="ovs_incident_report" parentDisplayName="Incident Report" solution="Active" />
        <Dependent type="60" displayName="Information" parentDisplayName="Incident Report" id="{ee604d8a-4a0b-48ff-af79-eef48d71f87f}" />
      </MissingDependency>
      <MissingDependency>
        <Required type="2" schemaName="ovs_incident_severity_cd" displayName="Incident Severity" parentSchemaName="ovs_incident_report" parentDisplayName="Incident Report" solution="Active" />
        <Dependent type="60" displayName="Information" parentDisplayName="Incident Report" id="{ee604d8a-4a0b-48ff-af79-eef48d71f87f}" />
      </MissingDependency>
      <MissingDependency>
        <Required type="2" schemaName="ovs_initial_30day_follow_up_receipt_date_dte" displayName="Initial 30-Day Follow-Up Receipt Date" parentSchemaName="ovs_incident_report" parentDisplayName="Incident Report" solution="Active" />
        <Dependent type="60" displayName="Information" parentDisplayName="Incident Report" id="{ee604d8a-4a0b-48ff-af79-eef48d71f87f}" />
      </MissingDependency>
      <MissingDependency>
        <Required type="2" schemaName="ovs_latitude_nbr" displayName="Latitude" parentSchemaName="ovs_incident_report" parentDisplayName="Incident Report" solution="Active" />
        <Dependent type="60" displayName="Information" parentDisplayName="Incident Report" id="{ee604d8a-4a0b-48ff-af79-eef48d71f87f}" />
      </MissingDependency>
      <MissingDependency>
        <Required type="2" schemaName="ovs_longitude_nbr" displayName="Longitude" parentSchemaName="ovs_incident_report" parentDisplayName="Incident Report" solution="Active" />
        <Dependent type="60" displayName="Information" parentDisplayName="Incident Report" id="{ee604d8a-4a0b-48ff-af79-eef48d71f87f}" />
      </MissingDependency>
      <MissingDependency>
        <Required type="2" schemaName="ovs_major_injuries_attributed_to_incident_txt" displayName="Major Injuries attributed to Incident" parentSchemaName="ovs_incident_report" parentDisplayName="Incident Report" solution="Active" />
        <Dependent type="60" displayName="Information" parentDisplayName="Incident Report" id="{ee604d8a-4a0b-48ff-af79-eef48d71f87f}" />
      </MissingDependency>
      <MissingDependency>
        <Required type="2" schemaName="ovs_major_injuries_ind" displayName="Major Injuries" parentSchemaName="ovs_incident_report" parentDisplayName="Incident Report" solution="Active" />
        <Dependent type="60" displayName="Information" parentDisplayName="Incident Report" id="{ee604d8a-4a0b-48ff-af79-eef48d71f87f}" />
      </MissingDependency>
      <MissingDependency>
        <Required type="2" schemaName="ovs_majorinjuriesattributedtodangerousg_txt" displayName="Major Injuries attributed to Dangerous Goods" parentSchemaName="ovs_incident_report" parentDisplayName="Incident Report" solution="Active" />
        <Dependent type="60" displayName="Information" parentDisplayName="Incident Report" id="{ee604d8a-4a0b-48ff-af79-eef48d71f87f}" />
      </MissingDependency>
      <MissingDependency>
        <Required type="2" schemaName="ovs_meridian_cd" displayName="Meridian" parentSchemaName="ovs_incident_report" parentDisplayName="Incident Report" solution="Active" />
        <Dependent type="60" displayName="Information" parentDisplayName="Incident Report" id="{ee604d8a-4a0b-48ff-af79-eef48d71f87f}" />
      </MissingDependency>
      <MissingDependency>
        <Required type="2" schemaName="ovs_minor_injuries_attributed_to_incident_txt" displayName="Minor Injuries attributed to Incident" parentSchemaName="ovs_incident_report" parentDisplayName="Incident Report" solution="Active" />
        <Dependent type="60" displayName="Information" parentDisplayName="Incident Report" id="{ee604d8a-4a0b-48ff-af79-eef48d71f87f}" />
      </MissingDependency>
      <MissingDependency>
        <Required type="2" schemaName="ovs_minor_injuries_ind" displayName="Minor Injuries" parentSchemaName="ovs_incident_report" parentDisplayName="Incident Report" solution="Active" />
        <Dependent type="60" displayName="Information" parentDisplayName="Incident Report" id="{ee604d8a-4a0b-48ff-af79-eef48d71f87f}" />
      </MissingDependency>
      <MissingDependency>
        <Required type="2" schemaName="ovs_minorinjuriesattributedtodangerousgds_txt" displayName="Minor Injuries attributed to Dangerous Goods" parentSchemaName="ovs_incident_report" parentDisplayName="Incident Report" solution="Active" />
        <Dependent type="60" displayName="Information" parentDisplayName="Incident Report" id="{ee604d8a-4a0b-48ff-af79-eef48d71f87f}" />
      </MissingDependency>
      <MissingDependency>
        <Required type="2" schemaName="ovs_mode_cd" displayName="Mode" parentSchemaName="ovs_incident_report" parentDisplayName="Incident Report" solution="Active" />
        <Dependent type="60" displayName="Information" parentDisplayName="Incident Report" id="{ee604d8a-4a0b-48ff-af79-eef48d71f87f}" />
      </MissingDependency>
      <MissingDependency>
        <Required type="2" schemaName="ovs_moderate_injuries_ind" displayName="Moderate Injuries" parentSchemaName="ovs_incident_report" parentDisplayName="Incident Report" solution="Active" />
        <Dependent type="60" displayName="Information" parentDisplayName="Incident Report" id="{ee604d8a-4a0b-48ff-af79-eef48d71f87f}" />
      </MissingDependency>
      <MissingDependency>
        <Required type="2" schemaName="ovs_moderate_injuriesattributedtoincident_txt" displayName="Moderate Injuries attributed to Incident" parentSchemaName="ovs_incident_report" parentDisplayName="Incident Report" solution="Active" />
        <Dependent type="60" displayName="Information" parentDisplayName="Incident Report" id="{ee604d8a-4a0b-48ff-af79-eef48d71f87f}" />
      </MissingDependency>
      <MissingDependency>
        <Required type="2" schemaName="ovs_name" displayName="Name" parentSchemaName="ovs_incident_report" parentDisplayName="Incident Report" solution="Active" />
        <Dependent type="60" displayName="Information" parentDisplayName="Incident Report" id="{ee604d8a-4a0b-48ff-af79-eef48d71f87f}" />
      </MissingDependency>
      <MissingDependency>
        <Required type="2" schemaName="ovs_number_of_sheltered_num" displayName="Number of people​ who sheltered in place" parentSchemaName="ovs_incident_report" parentDisplayName="Incident Report" solution="Active" />
        <Dependent type="60" displayName="Information" parentDisplayName="Incident Report" id="{ee604d8a-4a0b-48ff-af79-eef48d71f87f}" />
      </MissingDependency>
      <MissingDependency>
        <Required type="2" schemaName="ovs_nyseriousjeopardytoaircraftorpersonsa_ind" displayName="Any serious jeopardy to aircraft or persons aboard?" parentSchemaName="ovs_incident_report" parentDisplayName="Incident Report" solution="Active" />
        <Dependent type="60" displayName="Information" parentDisplayName="Incident Report" id="{ee604d8a-4a0b-48ff-af79-eef48d71f87f}" />
      </MissingDependency>
      <MissingDependency>
        <Required type="2" schemaName="ovs_oderateinjuriesattributedtodangerousg_txt" displayName="Moderate Injuries attributed to Dangerous Goods" parentSchemaName="ovs_incident_report" parentDisplayName="Incident Report" solution="Active" />
        <Dependent type="60" displayName="Information" parentDisplayName="Incident Report" id="{ee604d8a-4a0b-48ff-af79-eef48d71f87f}" />
      </MissingDependency>
      <MissingDependency>
        <Required type="2" schemaName="ovs_origin_txt" displayName="Origin" parentSchemaName="ovs_incident_report" parentDisplayName="Incident Report" solution="Active" />
        <Dependent type="60" displayName="Information" parentDisplayName="Incident Report" id="{ee604d8a-4a0b-48ff-af79-eef48d71f87f}" />
      </MissingDependency>
      <MissingDependency>
        <Required type="2" schemaName="ovs_other_emergency_response_personnel_txt" displayName="Other Emergency Response Personnel" parentSchemaName="ovs_incident_report" parentDisplayName="Incident Report" solution="Active" />
        <Dependent type="60" displayName="Information" parentDisplayName="Incident Report" id="{ee604d8a-4a0b-48ff-af79-eef48d71f87f}" />
      </MissingDependency>
      <MissingDependency>
        <Required type="2" schemaName="ovs_other_source_txt" displayName="Other Source" parentSchemaName="ovs_incident_report" parentDisplayName="Incident Report" solution="Active" />
        <Dependent type="60" displayName="Information" parentDisplayName="Incident Report" id="{ee604d8a-4a0b-48ff-af79-eef48d71f87f}" />
      </MissingDependency>
      <MissingDependency>
        <Required type="2" schemaName="ovs_primary_report_ind" displayName="Primary Report" parentSchemaName="ovs_incident_report" parentDisplayName="Incident Report" solution="Active" />
        <Dependent type="60" displayName="Information" parentDisplayName="Incident Report" id="{ee604d8a-4a0b-48ff-af79-eef48d71f87f}" />
      </MissingDependency>
      <MissingDependency>
        <Required type="2" schemaName="ovs_quarter_lsd_cd" displayName="Quarter / LSD" parentSchemaName="ovs_incident_report" parentDisplayName="Incident Report" solution="Active" />
        <Dependent type="60" displayName="Information" parentDisplayName="Incident Report" id="{ee604d8a-4a0b-48ff-af79-eef48d71f87f}" />
      </MissingDependency>
      <MissingDependency>
        <Required type="2" schemaName="ovs_range_cd" displayName="Range" parentSchemaName="ovs_incident_report" parentDisplayName="Incident Report" solution="Active" />
        <Dependent type="60" displayName="Information" parentDisplayName="Incident Report" id="{ee604d8a-4a0b-48ff-af79-eef48d71f87f}" />
      </MissingDependency>
      <MissingDependency>
        <Required type="2" schemaName="ovs_received_date_dte" displayName="Received Date" parentSchemaName="ovs_incident_report" parentDisplayName="Incident Report" solution="Active" />
        <Dependent type="60" displayName="Information" parentDisplayName="Incident Report" id="{ee604d8a-4a0b-48ff-af79-eef48d71f87f}" />
      </MissingDependency>
      <MissingDependency>
        <Required type="2" schemaName="ovs_release_type_cds" displayName="Release Type" parentSchemaName="ovs_incident_report" parentDisplayName="Incident Report" solution="Active" />
        <Dependent type="60" displayName="Information" parentDisplayName="Incident Report" id="{ee604d8a-4a0b-48ff-af79-eef48d71f87f}" />
      </MissingDependency>
      <MissingDependency>
        <Required type="2" schemaName="ovs_release_type_other_txt" displayName="Release Type Other" parentSchemaName="ovs_incident_report" parentDisplayName="Incident Report" solution="Active" />
        <Dependent type="60" displayName="Information" parentDisplayName="Incident Report" id="{ee604d8a-4a0b-48ff-af79-eef48d71f87f}" />
      </MissingDependency>
      <MissingDependency>
        <Required type="2" schemaName="ovs_role_of_organization_cds" displayName="Role of Organization" parentSchemaName="ovs_incident_report" parentDisplayName="Incident Report" solution="Active" />
        <Dependent type="60" displayName="Information" parentDisplayName="Incident Report" id="{ee604d8a-4a0b-48ff-af79-eef48d71f87f}" />
      </MissingDependency>
      <MissingDependency>
        <Required type="2" schemaName="ovs_route_description_txt" displayName="Route Description" parentSchemaName="ovs_incident_report" parentDisplayName="Incident Report" solution="Active" />
        <Dependent type="60" displayName="Information" parentDisplayName="Incident Report" id="{ee604d8a-4a0b-48ff-af79-eef48d71f87f}" />
      </MissingDependency>
      <MissingDependency>
        <Required type="2" schemaName="ovs_section_cd" displayName="Section" parentSchemaName="ovs_incident_report" parentDisplayName="Incident Report" solution="Active" />
        <Dependent type="60" displayName="Information" parentDisplayName="Incident Report" id="{ee604d8a-4a0b-48ff-af79-eef48d71f87f}" />
      </MissingDependency>
      <MissingDependency>
        <Required type="2" schemaName="ovs_shelter_in_place_ind" displayName="Did the incident result in a Shelter in Place order?" parentSchemaName="ovs_incident_report" parentDisplayName="Incident Report" solution="Active" />
        <Dependent type="60" displayName="Information" parentDisplayName="Incident Report" id="{ee604d8a-4a0b-48ff-af79-eef48d71f87f}" />
      </MissingDependency>
      <MissingDependency>
        <Required type="2" schemaName="ovs_source_cd" displayName="Source" parentSchemaName="ovs_incident_report" parentDisplayName="Incident Report" solution="Active" />
        <Dependent type="60" displayName="Information" parentDisplayName="Incident Report" id="{ee604d8a-4a0b-48ff-af79-eef48d71f87f}" />
      </MissingDependency>
      <MissingDependency>
        <Required type="2" schemaName="ovs_state_province_txt" displayName="State/Province​/Territory" parentSchemaName="ovs_incident_report" parentDisplayName="Incident Report" solution="Active" />
        <Dependent type="60" displayName="Information" parentDisplayName="Incident Report" id="{ee604d8a-4a0b-48ff-af79-eef48d71f87f}" />
      </MissingDependency>
      <MissingDependency>
        <Required type="2" schemaName="ovs_street1_txt" displayName="Street 1" parentSchemaName="ovs_incident_report" parentDisplayName="Incident Report" solution="Active" />
        <Dependent type="60" displayName="Information" parentDisplayName="Incident Report" id="{ee604d8a-4a0b-48ff-af79-eef48d71f87f}" />
      </MissingDependency>
      <MissingDependency>
        <Required type="2" schemaName="ovs_street2_txt" displayName="Street 2" parentSchemaName="ovs_incident_report" parentDisplayName="Incident Report" solution="Active" />
        <Dependent type="60" displayName="Information" parentDisplayName="Incident Report" id="{ee604d8a-4a0b-48ff-af79-eef48d71f87f}" />
      </MissingDependency>
      <MissingDependency>
        <Required type="2" schemaName="ovs_street3_txt" displayName="Street 3" parentSchemaName="ovs_incident_report" parentDisplayName="Incident Report" solution="Active" />
        <Dependent type="60" displayName="Information" parentDisplayName="Incident Report" id="{ee604d8a-4a0b-48ff-af79-eef48d71f87f}" />
      </MissingDependency>
      <MissingDependency>
        <Required type="2" schemaName="ovs_submitting_contact_id" displayName="​Person completing this report" parentSchemaName="ovs_incident_report" parentDisplayName="Incident Report" solution="Active" />
        <Dependent type="60" displayName="Information" parentDisplayName="Incident Report" id="{ee604d8a-4a0b-48ff-af79-eef48d71f87f}" />
      </MissingDependency>
      <MissingDependency>
        <Required type="2" schemaName="ovs_summary_fr_txt" displayName="French Incident Summary" parentSchemaName="ovs_incident_report" parentDisplayName="Incident Report" solution="Active" />
        <Dependent type="60" displayName="Information" parentDisplayName="Incident Report" id="{ee604d8a-4a0b-48ff-af79-eef48d71f87f}" />
      </MissingDependency>
      <MissingDependency>
        <Required type="2" schemaName="ovs_summary_txt" displayName="Incident Summary" parentSchemaName="ovs_incident_report" parentDisplayName="Incident Report" solution="Active" />
        <Dependent type="60" displayName="Information" parentDisplayName="Incident Report" id="{ee604d8a-4a0b-48ff-af79-eef48d71f87f}" />
      </MissingDependency>
      <MissingDependency>
        <Required type="2" schemaName="ovs_total_cost_num" displayName="Total Cost" parentSchemaName="ovs_incident_report" parentDisplayName="Incident Report" solution="Active" />
        <Dependent type="60" displayName="Information" parentDisplayName="Incident Report" id="{ee604d8a-4a0b-48ff-af79-eef48d71f87f}" />
      </MissingDependency>
      <MissingDependency>
        <Required type="2" schemaName="ovs_township_cd" displayName="Township" parentSchemaName="ovs_incident_report" parentDisplayName="Incident Report" solution="Active" />
        <Dependent type="60" displayName="Information" parentDisplayName="Incident Report" id="{ee604d8a-4a0b-48ff-af79-eef48d71f87f}" />
      </MissingDependency>
      <MissingDependency>
        <Required type="2" schemaName="ovs_zip_postalcode_txt" displayName="ZIP/Postal Code" parentSchemaName="ovs_incident_report" parentDisplayName="Incident Report" solution="Active" />
        <Dependent type="60" displayName="Information" parentDisplayName="Incident Report" id="{ee604d8a-4a0b-48ff-af79-eef48d71f87f}" />
      </MissingDependency>
      <MissingDependency>
        <Required type="2" schemaName="ownerid" displayName="Owner" parentSchemaName="ovs_incident_report" parentDisplayName="Incident Report" solution="Active" />
        <Dependent type="60" displayName="Information" parentDisplayName="Incident Report" id="{ee604d8a-4a0b-48ff-af79-eef48d71f87f}" />
      </MissingDependency>
      <MissingDependency>
        <Required type="26" schemaName="CID Portal - Validation - Sites" displayName="CID Portal - Validation - Sites" parentSchemaName="account" parentDisplayName="Account" solution="Active" id="{048f4d4f-c892-ec11-b3fe-000d3a0c187c}" />
        <Dependent type="60" displayName="Information" parentDisplayName="Incident Report" id="{ee604d8a-4a0b-48ff-af79-eef48d71f87f}" />
      </MissingDependency>
      <MissingDependency>
        <Required type="26" schemaName="Incident Active MOCS" displayName="Incident Active MOCS" parentSchemaName="ovs_moc" parentDisplayName="MOC" solution="Active" id="{075f5160-a434-ef11-8e4e-000d3af34b22}" />
        <Dependent type="60" displayName="Information" parentDisplayName="Incident Report" id="{ee604d8a-4a0b-48ff-af79-eef48d71f87f}" />
      </MissingDependency>
      <MissingDependency>
        <Required type="26" schemaName="Active Incident's ERAPS view" displayName="Active Incident's ERAPS view" parentSchemaName="ovs_incidenterap" parentDisplayName="Incident ERAP" solution="Active" id="{08f72d6a-84b1-ef11-a72d-002248b1a28a}" />
        <Dependent type="60" displayName="Information" parentDisplayName="Incident Report" id="{ee604d8a-4a0b-48ff-af79-eef48d71f87f}" />
      </MissingDependency>
      <MissingDependency>
        <Required type="26" schemaName="Service Account" displayName="Service Account" parentSchemaName="account" parentDisplayName="Account" solution="FieldService (8.8.0.88)" id="{0f928982-20d3-e811-815b-000d3afd1036}">
          <package appName="Field Service" version="8.8.130.34">FieldService_Anchor (8.8.130.34)</package>
        </Required>
        <Dependent type="60" displayName="Information" parentDisplayName="Incident Report" id="{ee604d8a-4a0b-48ff-af79-eef48d71f87f}" />
      </MissingDependency>
      <MissingDependency>
        <Required type="26" schemaName="CID Portal - In year Company Sites" displayName="CID Portal - In year Company Sites" parentSchemaName="account" parentDisplayName="Account" solution="Active" id="{153aa606-2043-ed11-bba3-0022483d0343}" />
        <Dependent type="60" displayName="Information" parentDisplayName="Incident Report" id="{ee604d8a-4a0b-48ff-af79-eef48d71f87f}" />
      </MissingDependency>
      <MissingDependency>
        <Required type="26" schemaName="Active MOCS" displayName="Active MOCS" parentSchemaName="ovs_moc" parentDisplayName="MOC" solution="Active" id="{16c7fdca-c2ea-4bf8-af28-49824c5a829d}" />
        <Dependent type="60" displayName="Information" parentDisplayName="Incident Report" id="{ee604d8a-4a0b-48ff-af79-eef48d71f87f}" />
      </MissingDependency>
      <MissingDependency>
        <Required type="26" schemaName="Active Incident Organizations" displayName="Active Incident Organizations" parentSchemaName="ovs_incident_organization" parentDisplayName="Incident Organization" solution="Active" id="{20ed5633-c649-4bc6-8bc2-88884d52fd3b}" />
        <Dependent type="60" displayName="Information" parentDisplayName="Incident Report" id="{ee604d8a-4a0b-48ff-af79-eef48d71f87f}" />
      </MissingDependency>
      <MissingDependency>
        <Required type="26" schemaName="All Associated Sites" displayName="All Associated Sites" parentSchemaName="account" parentDisplayName="Account" solution="Active" id="{2225cdfb-321f-ee11-9966-0022483d0343}" />
        <Dependent type="60" displayName="Information" parentDisplayName="Incident Report" id="{ee604d8a-4a0b-48ff-af79-eef48d71f87f}" />
      </MissingDependency>
      <MissingDependency>
        <Required type="26" schemaName="My Region's Inactive Sites" displayName="My Region's Inactive Sites" parentSchemaName="account" parentDisplayName="Account" solution="Active" id="{2253be98-5ad4-eb11-bacc-000d3af38cd4}" />
        <Dependent type="60" displayName="Information" parentDisplayName="Incident Report" id="{ee604d8a-4a0b-48ff-af79-eef48d71f87f}" />
      </MissingDependency>
      <MissingDependency>
        <Required type="26" schemaName="Active Incident ERAPS" displayName="Active Incident ERAPS" parentSchemaName="ovs_incidenterap" parentDisplayName="Incident ERAP" solution="Active" id="{23cde4f4-c8d1-4821-b0d6-1ee52204a229}" />
        <Dependent type="60" displayName="Information" parentDisplayName="Incident Report" id="{ee604d8a-4a0b-48ff-af79-eef48d71f87f}" />
      </MissingDependency>
      <MissingDependency>
        <Required type="26" schemaName="CID - Parent Organizations (ROM &amp; CID)" displayName="CID - Parent Organizations (ROM &amp; CID)" parentSchemaName="account" parentDisplayName="Account" solution="Active" id="{27025ebd-1817-ed11-b83f-000d3a84cfdd}" />
        <Dependent type="60" displayName="Information" parentDisplayName="Incident Report" id="{ee604d8a-4a0b-48ff-af79-eef48d71f87f}" />
      </MissingDependency>
      <MissingDependency>
        <Required type="26" schemaName="CID Account Associated View" displayName="CID Account Associated View" parentSchemaName="account" parentDisplayName="Account" solution="Active" id="{28d5ab71-642a-ee11-bdf4-0022483d0c87}" />
        <Dependent type="60" displayName="Information" parentDisplayName="Incident Report" id="{ee604d8a-4a0b-48ff-af79-eef48d71f87f}" />
      </MissingDependency>
      <MissingDependency>
        <Required type="26" schemaName="CRS Active Accounts" displayName="CRS Active Accounts" parentSchemaName="account" parentDisplayName="Account" solution="Active" id="{37150390-5002-ef11-9f89-002248b0d3d6}" />
        <Dependent type="60" displayName="Information" parentDisplayName="Incident Report" id="{ee604d8a-4a0b-48ff-af79-eef48d71f87f}" />
      </MissingDependency>
      <MissingDependency>
        <Required type="26" schemaName="CID Portal - Validation - Unclaimed Sites" displayName="CID Portal - Validation - Unclaimed Sites" parentSchemaName="account" parentDisplayName="Account" solution="Active" id="{3fffabcb-74c0-ec11-983e-0022483db9d8}" />
        <Dependent type="60" displayName="Information" parentDisplayName="Incident Report" id="{ee604d8a-4a0b-48ff-af79-eef48d71f87f}" />
      </MissingDependency>
      <MissingDependency>
        <Required type="26" schemaName="CID Portal - OData - Parent Companies" displayName="CID Portal - OData - Parent Companies" parentSchemaName="account" parentDisplayName="Account" solution="Active" id="{40662d0e-d694-ec11-b3fe-000d3a0c829e}" />
        <Dependent type="60" displayName="Information" parentDisplayName="Incident Report" id="{ee604d8a-4a0b-48ff-af79-eef48d71f87f}" />
      </MissingDependency>
      <MissingDependency>
        <Required type="26" schemaName="Account Lookup View - Site" displayName="Account Lookup View - Site" parentSchemaName="account" parentDisplayName="Account" solution="Active" id="{4296ff9a-5870-ef11-a671-0022483bb3a9}" />
        <Dependent type="60" displayName="Information" parentDisplayName="Incident Report" id="{ee604d8a-4a0b-48ff-af79-eef48d71f87f}" />
      </MissingDependency>
      <MissingDependency>
        <Required type="26" schemaName="My Active Accounts by Relationship" displayName="My Active Accounts by Relationship" parentSchemaName="account" parentDisplayName="Account" solution="RelationshipAnalytics (9.0.24114.10001)" id="{4bfea08c-9a4d-e611-80fc-0024e84720c6}">
          <package appName="msdynce_SalesInsights" version="9.0.24114.10007">msdynce_SalesInsightsAnchor (9.0.24114.10007)</package>
        </Required>
        <Dependent type="60" displayName="Information" parentDisplayName="Incident Report" id="{ee604d8a-4a0b-48ff-af79-eef48d71f87f}" />
      </MissingDependency>
      <MissingDependency>
        <Required type="26" schemaName="Transportation of Dangerous Goods" displayName="Transportation of Dangerous Goods" parentSchemaName="account" parentDisplayName="Account" solution="Active" id="{57962920-5929-eb11-a813-000d3af3a7a7}" />
        <Dependent type="60" displayName="Information" parentDisplayName="Incident Report" id="{ee604d8a-4a0b-48ff-af79-eef48d71f87f}" />
      </MissingDependency>
      <MissingDependency>
        <Required type="26" schemaName="Accounts I Follow" displayName="Accounts I Follow" parentSchemaName="account" parentDisplayName="Account" solution="Active" id="{61273827-328e-e011-95ae-00155d9cfa02}" />
        <Dependent type="60" displayName="Information" parentDisplayName="Incident Report" id="{ee604d8a-4a0b-48ff-af79-eef48d71f87f}" />
      </MissingDependency>
      <MissingDependency>
        <Required type="26" schemaName="Accounts Being Followed" displayName="Accounts Being Followed" parentSchemaName="account" parentDisplayName="Account" solution="Active" id="{61273827-328e-e011-95ae-00155d9cfa03}" />
        <Dependent type="60" displayName="Information" parentDisplayName="Incident Report" id="{ee604d8a-4a0b-48ff-af79-eef48d71f87f}" />
      </MissingDependency>
      <MissingDependency>
        <Required type="26" schemaName="All Sites" displayName="All Sites" parentSchemaName="account" parentDisplayName="Account" solution="Active" id="{631f1f30-1bff-ed11-8f6d-0022483d0343}" />
        <Dependent type="60" displayName="Information" parentDisplayName="Incident Report" id="{ee604d8a-4a0b-48ff-af79-eef48d71f87f}" />
      </MissingDependency>
      <MissingDependency>
        <Required type="26" schemaName="All Accounts" displayName="All Accounts" parentSchemaName="account" parentDisplayName="Account" solution="msdynce_AppCommon (9.0.4.0066)" id="{65ffaf9a-e8c5-432d-860b-32f841b00d87}">
          <package appName="msdynce_AppCommon" version="9.0.24112.10001">msdynce_AppCommonAnchor (9.0.24112.10001)</package>
        </Required>
        <Dependent type="60" displayName="Information" parentDisplayName="Incident Report" id="{ee604d8a-4a0b-48ff-af79-eef48d71f87f}" />
      </MissingDependency>
      <MissingDependency>
        <Required type="26" schemaName="CID - Not Claim Sites" displayName="CID - Not Claim Sites" parentSchemaName="account" parentDisplayName="Account" solution="Active" id="{6e812d65-8725-ec11-b6e6-0022483cb5cd}" />
        <Dependent type="60" displayName="Information" parentDisplayName="Incident Report" id="{ee604d8a-4a0b-48ff-af79-eef48d71f87f}" />
      </MissingDependency>
      <MissingDependency>
        <Required type="26" schemaName="Account Lookup View - Organizations" displayName="Account Lookup View - Organizations" parentSchemaName="account" parentDisplayName="Account" solution="Active" id="{71537ab2-06cd-ee11-9079-0022483cceb8}" />
        <Dependent type="60" displayName="Information" parentDisplayName="Incident Report" id="{ee604d8a-4a0b-48ff-af79-eef48d71f87f}" />
      </MissingDependency>
      <MissingDependency>
        <Required type="26" schemaName="All Organizations" displayName="All Organizations" parentSchemaName="account" parentDisplayName="Account" solution="Active" id="{74bbeebe-f9fe-ed11-8f6d-0022483e130e}" />
        <Dependent type="60" displayName="Information" parentDisplayName="Incident Report" id="{ee604d8a-4a0b-48ff-af79-eef48d71f87f}" />
      </MissingDependency>
      <MissingDependency>
        <Required type="26" schemaName="Site Lookup View" displayName="Site Lookup View" parentSchemaName="account" parentDisplayName="Account" solution="Active" id="{7b62c6ee-865b-eb11-a812-000d3a84db40}" />
        <Dependent type="60" displayName="Information" parentDisplayName="Incident Report" id="{ee604d8a-4a0b-48ff-af79-eef48d71f87f}" />
      </MissingDependency>
      <MissingDependency>
        <Required type="26" schemaName="Sites" displayName="Sites" parentSchemaName="account" parentDisplayName="Account" solution="Active" id="{7c363e5f-5bd4-eb11-bacc-000d3af3999c}" />
        <Dependent type="60" displayName="Information" parentDisplayName="Incident Report" id="{ee604d8a-4a0b-48ff-af79-eef48d71f87f}" />
      </MissingDependency>
      <MissingDependency>
        <Required type="26" schemaName="Excluded Accounts Campaigns" displayName="Excluded Accounts Campaigns" parentSchemaName="account" parentDisplayName="Account" solution="msdynce_MarketingPatch (9.0.1904.1019)" id="{7de498c2-508f-49a4-b2e8-d550d5b1b9ee}">
          <package appName="msdynce_Marketing" version="9.0.24114.10001">msdynce_MarketingAnchor (9.0.24114.10001)</package>
        </Required>
        <Dependent type="60" displayName="Information" parentDisplayName="Incident Report" id="{ee604d8a-4a0b-48ff-af79-eef48d71f87f}" />
      </MissingDependency>
      <MissingDependency>
        <Required type="26" schemaName="TDG Core Sites" displayName="TDG Core Sites" parentSchemaName="account" parentDisplayName="Account" solution="Active" id="{7fa4b59f-485d-ee11-8df0-0022483d0c87}" />
        <Dependent type="60" displayName="Information" parentDisplayName="Incident Report" id="{ee604d8a-4a0b-48ff-af79-eef48d71f87f}" />
      </MissingDependency>
      <MissingDependency>
        <Required type="26" schemaName="Parent Lookup View" displayName="Parent Lookup View" parentSchemaName="account" parentDisplayName="Account" solution="Active" id="{80d24aa0-2b6c-ed11-81ac-0022483d0343}" />
        <Dependent type="60" displayName="Information" parentDisplayName="Incident Report" id="{ee604d8a-4a0b-48ff-af79-eef48d71f87f}" />
      </MissingDependency>
      <MissingDependency>
        <Required type="26" schemaName="Active Child Accounts" displayName="Active Child Accounts" parentSchemaName="account" parentDisplayName="Account" solution="Active" id="{82cc4863-aa98-eb11-b1ac-000d3ae93a4f}" />
        <Dependent type="60" displayName="Information" parentDisplayName="Incident Report" id="{ee604d8a-4a0b-48ff-af79-eef48d71f87f}" />
      </MissingDependency>
      <MissingDependency>
        <Required type="26" schemaName="CID Portal - Parent Companies" displayName="CID Portal - Parent Companies" parentSchemaName="account" parentDisplayName="Account" solution="Active" id="{84f03662-9e28-ec11-b6e6-0022483cb5cd}" />
        <Dependent type="60" displayName="Information" parentDisplayName="Incident Report" id="{ee604d8a-4a0b-48ff-af79-eef48d71f87f}" />
      </MissingDependency>
      <MissingDependency>
        <Required type="26" schemaName="Companies" displayName="Companies" parentSchemaName="account" parentDisplayName="Account" solution="Active" id="{8965dc8d-460a-eb11-a813-000d3af3a7a7}" />
        <Dependent type="60" displayName="Information" parentDisplayName="Incident Report" id="{ee604d8a-4a0b-48ff-af79-eef48d71f87f}" />
      </MissingDependency>
      <MissingDependency>
        <Required type="26" schemaName="Sites With No Operations" displayName="Sites With No Operations" parentSchemaName="account" parentDisplayName="Account" solution="Active" id="{906591f6-654c-ec11-8f8e-000d3ae8e96e}" />
        <Dependent type="60" displayName="Information" parentDisplayName="Incident Report" id="{ee604d8a-4a0b-48ff-af79-eef48d71f87f}" />
      </MissingDependency>
      <MissingDependency>
        <Required type="26" schemaName="Legal Name" displayName="Legal Name" parentSchemaName="account" parentDisplayName="Account" solution="Active" id="{92f36027-a3e0-ee11-904c-000d3ae9455d}" />
        <Dependent type="60" displayName="Information" parentDisplayName="Incident Report" id="{ee604d8a-4a0b-48ff-af79-eef48d71f87f}" />
      </MissingDependency>
      <MissingDependency>
        <Required type="26" schemaName="Account Duplicated per Customer request" displayName="Account Duplicated per Customer request" parentSchemaName="account" parentDisplayName="Account" solution="Active" id="{9b760bd0-0437-ee11-bdf4-0022483d0343}" />
        <Dependent type="60" displayName="Information" parentDisplayName="Incident Report" id="{ee604d8a-4a0b-48ff-af79-eef48d71f87f}" />
      </MissingDependency>
      <MissingDependency>
        <Required type="26" schemaName="CID - Claim Sites" displayName="CID - Claim Sites" parentSchemaName="account" parentDisplayName="Account" solution="Active" id="{a0be1cb3-8525-ec11-b6e6-0022483cb5cd}" />
        <Dependent type="60" displayName="Information" parentDisplayName="Incident Report" id="{ee604d8a-4a0b-48ff-af79-eef48d71f87f}" />
      </MissingDependency>
      <MissingDependency>
        <Required type="26" schemaName="TDG Core Organizations" displayName="TDG Core Organizations" parentSchemaName="account" parentDisplayName="Account" solution="Active" id="{a5a9b46c-475d-ee11-8df0-0022483e130e}" />
        <Dependent type="60" displayName="Information" parentDisplayName="Incident Report" id="{ee604d8a-4a0b-48ff-af79-eef48d71f87f}" />
      </MissingDependency>
      <MissingDependency>
        <Required type="26" schemaName="My Region's Active Sites" displayName="My Region's Active Sites" parentSchemaName="account" parentDisplayName="Account" solution="Active" id="{aa2ba086-5ad4-eb11-bacc-000d3af3999c}" />
        <Dependent type="60" displayName="Information" parentDisplayName="Incident Report" id="{ee604d8a-4a0b-48ff-af79-eef48d71f87f}" />
      </MissingDependency>
      <MissingDependency>
        <Required type="26" schemaName="HOTI / HOTI GOA Sites" displayName="HOTI / HOTI GOA Sites" parentSchemaName="account" parentDisplayName="Account" solution="Active" id="{aba6669f-1cff-ed11-8f6d-0022483d0343}" />
        <Dependent type="60" displayName="Information" parentDisplayName="Incident Report" id="{ee604d8a-4a0b-48ff-af79-eef48d71f87f}" />
      </MissingDependency>
      <MissingDependency>
        <Required type="26" schemaName="CID Portal - Sites" displayName="CID Portal - Sites" parentSchemaName="account" parentDisplayName="Account" solution="Active" id="{c8db5060-4a4d-ec11-8f8e-000d3ae9a753}" />
        <Dependent type="60" displayName="Information" parentDisplayName="Incident Report" id="{ee604d8a-4a0b-48ff-af79-eef48d71f87f}" />
      </MissingDependency>
      <MissingDependency>
        <Required type="26" schemaName="Incident Organization Roles" displayName="Incident Organization Roles" parentSchemaName="ovs_incident_organization" parentDisplayName="Incident Organization" solution="Active" id="{d103a530-2828-ef11-840b-6045bd61f005}" />
        <Dependent type="60" displayName="Information" parentDisplayName="Incident Report" id="{ee604d8a-4a0b-48ff-af79-eef48d71f87f}" />
      </MissingDependency>
      <MissingDependency>
        <Required type="26" schemaName="Selected Accounts Campaigns" displayName="Selected Accounts Campaigns" parentSchemaName="account" parentDisplayName="Account" solution="msdynce_MarketingPatch (9.0.1904.1019)" id="{d15e48f6-e8fe-e811-8165-000d3af92c6e}">
          <package appName="msdynce_Marketing" version="9.0.24114.10001">msdynce_MarketingAnchor (9.0.24114.10001)</package>
        </Required>
        <Dependent type="60" displayName="Information" parentDisplayName="Incident Report" id="{ee604d8a-4a0b-48ff-af79-eef48d71f87f}" />
      </MissingDependency>
      <MissingDependency>
        <Required type="26" schemaName="CID Portal - Validation - Attested Sites" displayName="CID Portal - Validation - Attested Sites" parentSchemaName="account" parentDisplayName="Account" solution="Active" id="{d540e97a-c892-ec11-b3fe-000d3a0c187c}" />
        <Dependent type="60" displayName="Information" parentDisplayName="Incident Report" id="{ee604d8a-4a0b-48ff-af79-eef48d71f87f}" />
      </MissingDependency>
      <MissingDependency>
        <Required type="26" schemaName="CID Sites with Unknown CID Flag" displayName="CID Sites with Unknown CID Flag" parentSchemaName="account" parentDisplayName="Account" solution="Active" id="{e2298c2d-12c1-ee11-9078-0022483cceb8}" />
        <Dependent type="60" displayName="Information" parentDisplayName="Incident Report" id="{ee604d8a-4a0b-48ff-af79-eef48d71f87f}" />
      </MissingDependency>
      <MissingDependency>
        <Required type="26" schemaName="HOTI / HOTI GOA Organizations" displayName="HOTI / HOTI GOA Organizations" parentSchemaName="account" parentDisplayName="Account" solution="Active" id="{e3847669-10ff-ed11-8f6d-0022483d0343}" />
        <Dependent type="60" displayName="Information" parentDisplayName="Incident Report" id="{ee604d8a-4a0b-48ff-af79-eef48d71f87f}" />
      </MissingDependency>
      <MissingDependency>
        <Required type="26" schemaName="All Child Accounts" displayName="All Child Accounts" parentSchemaName="account" parentDisplayName="Account" solution="Active" id="{e7292e30-4fd2-ee11-904d-0022483cc3b7}" />
        <Dependent type="60" displayName="Information" parentDisplayName="Incident Report" id="{ee604d8a-4a0b-48ff-af79-eef48d71f87f}" />
      </MissingDependency>
      <MissingDependency>
        <Required type="26" schemaName="Sites" displayName="Sites" parentSchemaName="account" parentDisplayName="Account" solution="Active" id="{e7ba8bd8-440a-eb11-a813-000d3af3a7a7}" />
        <Dependent type="60" displayName="Information" parentDisplayName="Incident Report" id="{ee604d8a-4a0b-48ff-af79-eef48d71f87f}" />
      </MissingDependency>
      <MissingDependency>
        <Required type="26" schemaName="CID Portal - Portal Created Sites" displayName="CID Portal - Portal Created Sites" parentSchemaName="account" parentDisplayName="Account" solution="Active" id="{efe63e51-3040-ed11-bba2-0022483d0343}" />
        <Dependent type="60" displayName="Information" parentDisplayName="Incident Report" id="{ee604d8a-4a0b-48ff-af79-eef48d71f87f}" />
      </MissingDependency>
      <MissingDependency>
        <Required type="26" schemaName="Organizations" displayName="Organizations" parentSchemaName="account" parentDisplayName="Account" solution="Active" id="{fdbc939a-2403-eb11-a813-000d3af3ac0d}" />
        <Dependent type="60" displayName="Information" parentDisplayName="Incident Report" id="{ee604d8a-4a0b-48ff-af79-eef48d71f87f}" />
      </MissingDependency>
      <MissingDependency>
        <Required type="26" schemaName="Site Population Density" displayName="Site Population Density" parentSchemaName="account" parentDisplayName="Account" solution="Active" id="{ff211cb9-117a-ec11-8d20-000d3aff1221}" />
        <Dependent type="60" displayName="Information" parentDisplayName="Incident Report" id="{ee604d8a-4a0b-48ff-af79-eef48d71f87f}" />
      </MissingDependency>
      <MissingDependency>
        <Required type="61" schemaName="ovs_incident_report_main.js" displayName="ovs_incident_report_main.js" solution="Active" />
        <Dependent type="60" displayName="Information" parentDisplayName="Incident Report" id="{ee604d8a-4a0b-48ff-af79-eef48d71f87f}" />
      </MissingDependency>
      <MissingDependency>
        <Required type="61" schemaName="qm_globalHelper.js" displayName="qm_globalHelper.js" solution="Active" />
        <Dependent type="60" displayName="Information" parentDisplayName="Incident Report" id="{ee604d8a-4a0b-48ff-af79-eef48d71f87f}" />
      </MissingDependency>
      <MissingDependency>
        <Required type="66" schemaName="MscrmControls.FieldControls.ToggleControl" displayName="MscrmControls.FieldControls.ToggleControl" solution="BaseCustomControlsCore (9.0.2412.2001)">
          <package appName="Base Custom Controls" version="9.0.2412.2001">BaseCustomControlsCore (9.0.2412.2001)</package>
        </Required>
        <Dependent type="60" displayName="Information" parentDisplayName="Incident Report" id="{ee604d8a-4a0b-48ff-af79-eef48d71f87f}" />
      </MissingDependency>
    </MissingDependencies>
  </SolutionManifest>
</ImportExportXml>