<ImportExportXml xmlns:xsi="http://www.w3.org/2001/XMLSchema-instance" OrganizationVersion="9.2.24103.192" OrganizationSchemaType="Full" CRMServerServiceabilityVersion="9.2.24103.00192">
  <Entities></Entities>
  <Roles></Roles>
  <Workflows>
    <Workflow WorkflowId="{a62fbba1-c39a-ee11-be37-000d3af35f84}" Name="Merge Duplicated Customer Requests">
      <XamlFileName>/Workflows/MergeDuplicatedCustomerRequests-A62FBBA1-C39A-EE11-BE37-000D3AF35F84.xaml</XamlFileName>
      <Type>1</Type>
      <Subprocess>0</Subprocess>
      <Category>3</Category>
      <Mode>0</Mode>
      <Scope>4</Scope>
      <OnDemand>0</OnDemand>
      <TriggerOnCreate>0</TriggerOnCreate>
      <TriggerOnDelete>0</TriggerOnDelete>
      <AsyncAutodelete>0</AsyncAutodelete>
      <SyncWorkflowLogOnFailure>1</SyncWorkflowLogOnFailure>
      <StateCode>1</StateCode>
      <StatusCode>2</StatusCode>
      <CreateStage>40</CreateStage>
      <RunAs>1</RunAs>
      <SdkMessageId>{a82fbba1-c39a-ee11-be37-000d3af35f84}</SdkMessageId>
      <UniqueName>MergeDuplicatedCustomerRequests</UniqueName>
      <IsTransacted>1</IsTransacted>
      <IntroducedVersion>1.0.0.0</IntroducedVersion>
      <IsCustomizable>1</IsCustomizable>
      <FormId>{00000000-0000-0000-0000-000000000000}</FormId>
      <IsCustomProcessingStepAllowedForOtherPublishers>1</IsCustomProcessingStepAllowedForOtherPublishers>
      <PrimaryEntity>none</PrimaryEntity>
      <LocalizedNames>
        <LocalizedName languagecode="1033" description="Merge Duplicated Customer Requests" />
      </LocalizedNames>
    </Workflow>
    <Workflow WorkflowId="{e0ca6226-828e-ec11-8d20-0022483bb0e4}" Name="IPT Run">
      <XamlFileName>/Workflows/IPTRun-E0CA6226-828E-EC11-8D20-0022483BB0E4.xaml</XamlFileName>
      <Type>1</Type>
      <Subprocess>0</Subprocess>
      <Category>3</Category>
      <Mode>0</Mode>
      <Scope>4</Scope>
      <OnDemand>0</OnDemand>
      <TriggerOnCreate>0</TriggerOnCreate>
      <TriggerOnDelete>0</TriggerOnDelete>
      <AsyncAutodelete>0</AsyncAutodelete>
      <SyncWorkflowLogOnFailure>1</SyncWorkflowLogOnFailure>
      <StateCode>1</StateCode>
      <StatusCode>2</StatusCode>
      <CreateStage>40</CreateStage>
      <RunAs>1</RunAs>
      <SdkMessageId>{e1ca6226-828e-ec11-8d20-0022483bb0e4}</SdkMessageId>
      <UniqueName>IPTRun</UniqueName>
      <IsTransacted>1</IsTransacted>
      <IntroducedVersion>1.0.0.0</IntroducedVersion>
      <IsCustomizable>1</IsCustomizable>
      <BusinessProcessType>0</BusinessProcessType>
      <FormId>{00000000-0000-0000-0000-000000000000}</FormId>
      <IsCustomProcessingStepAllowedForOtherPublishers>1</IsCustomProcessingStepAllowedForOtherPublishers>
      <PrimaryEntity>none</PrimaryEntity>
      <LocalizedNames>
        <LocalizedName languagecode="1033" description="IPT Run" />
      </LocalizedNames>
    </Workflow>
    <Workflow WorkflowId="{ea46f084-186a-ef11-a671-0022483bb3a9}" Name="Calculate Incident Scope">
      <XamlFileName>/Workflows/CalculateIncidentScope-EA46F084-186A-EF11-A671-0022483BB3A9.xaml</XamlFileName>
      <Type>1</Type>
      <Subprocess>0</Subprocess>
      <Category>3</Category>
      <Mode>0</Mode>
      <Scope>4</Scope>
      <OnDemand>0</OnDemand>
      <TriggerOnCreate>0</TriggerOnCreate>
      <TriggerOnDelete>0</TriggerOnDelete>
      <AsyncAutodelete>0</AsyncAutodelete>
      <SyncWorkflowLogOnFailure>1</SyncWorkflowLogOnFailure>
      <StateCode>1</StateCode>
      <StatusCode>2</StatusCode>
      <CreateStage>40</CreateStage>
      <RunAs>1</RunAs>
      <SdkMessageId>{f246f084-186a-ef11-a671-0022483bb3a9}</SdkMessageId>
      <UniqueName>CalculateIncidentScope</UniqueName>
      <IsTransacted>1</IsTransacted>
      <IntroducedVersion>1.0.0.0</IntroducedVersion>
      <IsCustomizable>1</IsCustomizable>
      <BusinessProcessType>0</BusinessProcessType>
      <FormId>{00000000-0000-0000-0000-000000000000}</FormId>
      <IsCustomProcessingStepAllowedForOtherPublishers>1</IsCustomProcessingStepAllowedForOtherPublishers>
      <PrimaryEntity>none</PrimaryEntity>
      <LocalizedNames>
        <LocalizedName languagecode="1033" description="Calculate Incident Scope" />
      </LocalizedNames>
    </Workflow>
    <Workflow WorkflowId="{17ce4518-d279-ef11-ac20-0022483cbb70}" Name="Account - Update Site Name on Company Operating Name Update">
      <XamlFileName>/Workflows/Account-UpdateSiteNameonCompanyOperatingNameUpdate-17CE4518-D279-EF11-AC20-0022483CBB70.xaml</XamlFileName>
      <Type>1</Type>
      <Subprocess>0</Subprocess>
      <Category>3</Category>
      <Mode>0</Mode>
      <Scope>4</Scope>
      <OnDemand>0</OnDemand>
      <TriggerOnCreate>0</TriggerOnCreate>
      <TriggerOnDelete>0</TriggerOnDelete>
      <AsyncAutodelete>0</AsyncAutodelete>
      <SyncWorkflowLogOnFailure>1</SyncWorkflowLogOnFailure>
      <StateCode>1</StateCode>
      <StatusCode>2</StatusCode>
      <CreateStage>40</CreateStage>
      <RunAs>1</RunAs>
      <SdkMessageId>{18ce4518-d279-ef11-ac20-0022483cbb70}</SdkMessageId>
      <UniqueName>UpdateSiteNameFromCompanyNameUpdate</UniqueName>
      <IsTransacted>1</IsTransacted>
      <IntroducedVersion>1.0.0.8</IntroducedVersion>
      <IsCustomizable>1</IsCustomizable>
      <BusinessProcessType>0</BusinessProcessType>
      <FormId>{00000000-0000-0000-0000-000000000000}</FormId>
      <IsCustomProcessingStepAllowedForOtherPublishers>1</IsCustomProcessingStepAllowedForOtherPublishers>
      <PrimaryEntity>none</PrimaryEntity>
      <LocalizedNames>
        <LocalizedName languagecode="1033" description="Account - Update Site Name on Company Operating Name Update" />
      </LocalizedNames>
    </Workflow>
    <Workflow WorkflowId="{c433a0cb-268b-ef11-8a69-002248adac91}" Name="Set Incident Report Primary">
      <XamlFileName>/Workflows/SetIncidentReportPrimary-C433A0CB-268B-EF11-8A69-002248ADAC91.xaml</XamlFileName>
      <Type>1</Type>
      <Subprocess>0</Subprocess>
      <Category>3</Category>
      <Mode>0</Mode>
      <Scope>4</Scope>
      <OnDemand>0</OnDemand>
      <TriggerOnCreate>0</TriggerOnCreate>
      <TriggerOnDelete>0</TriggerOnDelete>
      <AsyncAutodelete>0</AsyncAutodelete>
      <SyncWorkflowLogOnFailure>1</SyncWorkflowLogOnFailure>
      <StateCode>1</StateCode>
      <StatusCode>2</StatusCode>
      <CreateStage>40</CreateStage>
      <RunAs>1</RunAs>
      <SdkMessageId>{fe33a0cb-268b-ef11-8a69-002248adac91}</SdkMessageId>
      <UniqueName>SetIncidentReportPrimary</UniqueName>
      <IsTransacted>1</IsTransacted>
      <IntroducedVersion>1.2.0.44</IntroducedVersion>
      <IsCustomizable>1</IsCustomizable>
      <BusinessProcessType>0</BusinessProcessType>
      <FormId>{00000000-0000-0000-0000-000000000000}</FormId>
      <IsCustomProcessingStepAllowedForOtherPublishers>1</IsCustomProcessingStepAllowedForOtherPublishers>
      <PrimaryEntity>none</PrimaryEntity>
      <LocalizedNames>
        <LocalizedName languagecode="1033" description="Set Incident Report Primary" />
      </LocalizedNames>
    </Workflow>
    <Workflow WorkflowId="{b10a159d-b6ea-ee11-a203-002248adb34a}" Name="CompanyViolationsHistoryPost">
      <XamlFileName>/Workflows/CompanyViolationsHistoryPost-B10A159D-B6EA-EE11-A203-002248ADB34A.xaml</XamlFileName>
      <Type>1</Type>
      <Subprocess>0</Subprocess>
      <Category>3</Category>
      <Mode>0</Mode>
      <Scope>4</Scope>
      <OnDemand>0</OnDemand>
      <TriggerOnCreate>0</TriggerOnCreate>
      <TriggerOnDelete>0</TriggerOnDelete>
      <AsyncAutodelete>0</AsyncAutodelete>
      <SyncWorkflowLogOnFailure>1</SyncWorkflowLogOnFailure>
      <StateCode>1</StateCode>
      <StatusCode>2</StatusCode>
      <CreateStage>40</CreateStage>
      <RunAs>1</RunAs>
      <SdkMessageId>{b20a159d-b6ea-ee11-a203-002248adb34a}</SdkMessageId>
      <UniqueName>CompanyViolationsHistoryPost</UniqueName>
      <IsTransacted>1</IsTransacted>
      <IntroducedVersion>1.2.0.29</IntroducedVersion>
      <IsCustomizable>1</IsCustomizable>
      <BusinessProcessType>0</BusinessProcessType>
      <FormId>{00000000-0000-0000-0000-000000000000}</FormId>
      <IsCustomProcessingStepAllowedForOtherPublishers>1</IsCustomProcessingStepAllowedForOtherPublishers>
      <PrimaryEntity>none</PrimaryEntity>
      <LocalizedNames>
        <LocalizedName languagecode="1033" description="CompanyViolationsHistoryPost" />
      </LocalizedNames>
    </Workflow>
    <Workflow WorkflowId="{f7374f05-83f2-ee11-a1fd-002248af8802}" Name="BlobDownloadFile">
      <XamlFileName>/Workflows/BlobDownloadFile-F7374F05-83F2-EE11-A1FD-002248AF8802.xaml</XamlFileName>
      <Type>1</Type>
      <Subprocess>0</Subprocess>
      <Category>3</Category>
      <Mode>0</Mode>
      <Scope>4</Scope>
      <OnDemand>0</OnDemand>
      <TriggerOnCreate>0</TriggerOnCreate>
      <TriggerOnDelete>0</TriggerOnDelete>
      <AsyncAutodelete>0</AsyncAutodelete>
      <SyncWorkflowLogOnFailure>1</SyncWorkflowLogOnFailure>
      <StateCode>1</StateCode>
      <StatusCode>2</StatusCode>
      <CreateStage>40</CreateStage>
      <RunAs>1</RunAs>
      <SdkMessageId>{04384f05-83f2-ee11-a1fd-002248af8802}</SdkMessageId>
      <UniqueName>BlobDownloadFile</UniqueName>
      <IsTransacted>1</IsTransacted>
      <IntroducedVersion>1.0.0.0</IntroducedVersion>
      <IsCustomizable>1</IsCustomizable>
      <BusinessProcessType>0</BusinessProcessType>
      <FormId>{00000000-0000-0000-0000-000000000000}</FormId>
      <IsCustomProcessingStepAllowedForOtherPublishers>1</IsCustomProcessingStepAllowedForOtherPublishers>
      <PrimaryEntity>none</PrimaryEntity>
      <LocalizedNames>
        <LocalizedName languagecode="1033" description="BlobDownloadFile" />
      </LocalizedNames>
    </Workflow>
    <Workflow WorkflowId="{a552d098-d2f2-ee11-a1fd-002248af8802}" Name="GetAccountByBN">
      <XamlFileName>/Workflows/GetAccountByBN-A552D098-D2F2-EE11-A1FD-002248AF8802.xaml</XamlFileName>
      <Type>1</Type>
      <Subprocess>0</Subprocess>
      <Category>3</Category>
      <Mode>0</Mode>
      <Scope>4</Scope>
      <OnDemand>0</OnDemand>
      <TriggerOnCreate>0</TriggerOnCreate>
      <TriggerOnDelete>0</TriggerOnDelete>
      <AsyncAutodelete>0</AsyncAutodelete>
      <SyncWorkflowLogOnFailure>1</SyncWorkflowLogOnFailure>
      <StateCode>1</StateCode>
      <StatusCode>2</StatusCode>
      <CreateStage>40</CreateStage>
      <RunAs>1</RunAs>
      <SdkMessageId>{a652d098-d2f2-ee11-a1fd-002248af8802}</SdkMessageId>
      <UniqueName>GetAccountByBN</UniqueName>
      <IsTransacted>1</IsTransacted>
      <IntroducedVersion>1.0.0.0</IntroducedVersion>
      <IsCustomizable>1</IsCustomizable>
      <BusinessProcessType>0</BusinessProcessType>
      <FormId>{00000000-0000-0000-0000-000000000000}</FormId>
      <IsCustomProcessingStepAllowedForOtherPublishers>1</IsCustomProcessingStepAllowedForOtherPublishers>
      <PrimaryEntity>none</PrimaryEntity>
      <LocalizedNames>
        <LocalizedName languagecode="1033" description="GetAccountByBN" />
      </LocalizedNames>
    </Workflow>
    <Workflow WorkflowId="{636cb1a4-6886-ef11-ac20-6045bd5c06ef}" Name="Clone Incident Report">
      <XamlFileName>/Workflows/CloneIncidentReport-636CB1A4-6886-EF11-AC20-6045BD5C06EF.xaml</XamlFileName>
      <Type>1</Type>
      <Subprocess>0</Subprocess>
      <Category>3</Category>
      <Mode>0</Mode>
      <Scope>4</Scope>
      <OnDemand>0</OnDemand>
      <TriggerOnCreate>0</TriggerOnCreate>
      <TriggerOnDelete>0</TriggerOnDelete>
      <AsyncAutodelete>0</AsyncAutodelete>
      <SyncWorkflowLogOnFailure>1</SyncWorkflowLogOnFailure>
      <StateCode>1</StateCode>
      <StatusCode>2</StatusCode>
      <CreateStage>40</CreateStage>
      <RunAs>1</RunAs>
      <SdkMessageId>{676cb1a4-6886-ef11-ac20-6045bd5c06ef}</SdkMessageId>
      <UniqueName>CloneIncidentReport</UniqueName>
      <IsTransacted>1</IsTransacted>
      <IntroducedVersion>1.0.0.0</IntroducedVersion>
      <IsCustomizable>1</IsCustomizable>
      <BusinessProcessType>0</BusinessProcessType>
      <FormId>{00000000-0000-0000-0000-000000000000}</FormId>
      <IsCustomProcessingStepAllowedForOtherPublishers>1</IsCustomProcessingStepAllowedForOtherPublishers>
      <PrimaryEntity>none</PrimaryEntity>
      <LocalizedNames>
        <LocalizedName languagecode="1033" description="Clone Incident Report" />
      </LocalizedNames>
    </Workflow>
    <Workflow WorkflowId="{93ffcd38-b85e-43af-9a15-97335d939b91}" Name="Create Follow Up Inspection">
      <XamlFileName>/Workflows/CreateFollowUpInspection-93FFCD38-B85E-43AF-9A15-97335D939B91.xaml</XamlFileName>
      <Type>1</Type>
      <Subprocess>0</Subprocess>
      <Category>3</Category>
      <Mode>0</Mode>
      <Scope>4</Scope>
      <OnDemand>0</OnDemand>
      <TriggerOnCreate>0</TriggerOnCreate>
      <TriggerOnDelete>0</TriggerOnDelete>
      <AsyncAutodelete>0</AsyncAutodelete>
      <SyncWorkflowLogOnFailure>1</SyncWorkflowLogOnFailure>
      <StateCode>1</StateCode>
      <StatusCode>2</StatusCode>
      <CreateStage>40</CreateStage>
      <RunAs>1</RunAs>
      <SdkMessageId>{ba7d9064-d9a2-eb11-b1ac-000d3ae8b8ae}</SdkMessageId>
      <UniqueName>CreateFollowUpInspection</UniqueName>
      <IsTransacted>1</IsTransacted>
      <IntroducedVersion>1.0.0.8</IntroducedVersion>
      <IsCustomizable>1</IsCustomizable>
      <FormId>{00000000-0000-0000-0000-000000000000}</FormId>
      <IsCustomProcessingStepAllowedForOtherPublishers>1</IsCustomProcessingStepAllowedForOtherPublishers>
      <PrimaryEntity>none</PrimaryEntity>
      <LocalizedNames>
        <LocalizedName languagecode="1033" description="Create Follow Up Inspection" />
      </LocalizedNames>
    </Workflow>
    <Workflow WorkflowId="{7dc7177a-ea79-4204-b169-a5769a91564b}" Name="TDG - Reassign Resource Requirements">
      <XamlFileName>/Workflows/TDG-ReassignResourceRequirements-7DC7177A-EA79-4204-B169-A5769A91564B.xaml</XamlFileName>
      <Type>1</Type>
      <Subprocess>0</Subprocess>
      <Category>3</Category>
      <Mode>0</Mode>
      <Scope>4</Scope>
      <OnDemand>0</OnDemand>
      <TriggerOnCreate>0</TriggerOnCreate>
      <TriggerOnDelete>0</TriggerOnDelete>
      <AsyncAutodelete>0</AsyncAutodelete>
      <SyncWorkflowLogOnFailure>1</SyncWorkflowLogOnFailure>
      <StateCode>1</StateCode>
      <StatusCode>2</StatusCode>
      <CreateStage>40</CreateStage>
      <RunAs>1</RunAs>
      <SdkMessageId>{bf58e3de-fb4b-ec11-8f8e-000d3ae8e96e}</SdkMessageId>
      <UniqueName>TDGReassignResourceRequirements</UniqueName>
      <IsTransacted>0</IsTransacted>
      <IntroducedVersion>1.0.0.1</IntroducedVersion>
      <IsCustomizable>1</IsCustomizable>
      <FormId>{00000000-0000-0000-0000-000000000000}</FormId>
      <IsCustomProcessingStepAllowedForOtherPublishers>1</IsCustomProcessingStepAllowedForOtherPublishers>
      <PrimaryEntity>none</PrimaryEntity>
      <LocalizedNames>
        <LocalizedName languagecode="1033" description="TDG - Reassign Resource Requirements" />
      </LocalizedNames>
    </Workflow>
    <Workflow WorkflowId="{bc9de0f7-d6f8-4657-a671-b472f8ff017d}" Name="ViolationsHistoryPost">
      <XamlFileName>/Workflows/ViolationsHistoryPost-BC9DE0F7-D6F8-4657-A671-B472F8FF017D.xaml</XamlFileName>
      <Type>1</Type>
      <Subprocess>0</Subprocess>
      <Category>3</Category>
      <Mode>0</Mode>
      <Scope>4</Scope>
      <OnDemand>0</OnDemand>
      <TriggerOnCreate>0</TriggerOnCreate>
      <TriggerOnDelete>0</TriggerOnDelete>
      <AsyncAutodelete>0</AsyncAutodelete>
      <SyncWorkflowLogOnFailure>1</SyncWorkflowLogOnFailure>
      <StateCode>1</StateCode>
      <StatusCode>2</StatusCode>
      <CreateStage>40</CreateStage>
      <RunAs>1</RunAs>
      <SdkMessageId>{4baf283d-d3b5-eb11-8236-0022483bc67c}</SdkMessageId>
      <UniqueName>ViolationsHistoryPost</UniqueName>
      <IsTransacted>1</IsTransacted>
      <IntroducedVersion>1.0.0.1</IntroducedVersion>
      <IsCustomizable>1</IsCustomizable>
      <FormId>{00000000-0000-0000-0000-000000000000}</FormId>
      <IsCustomProcessingStepAllowedForOtherPublishers>1</IsCustomProcessingStepAllowedForOtherPublishers>
      <PrimaryEntity>none</PrimaryEntity>
      <LocalizedNames>
        <LocalizedName languagecode="1033" description="ViolationsHistoryPost" />
      </LocalizedNames>
    </Workflow>
    <Workflow WorkflowId="{af892d60-3ad8-4eb8-9f86-b4aba1dac460}" Name="WO_StatusChangePost">
      <XamlFileName>/Workflows/WO_StatusChangePost-AF892D60-3AD8-4EB8-9F86-B4ABA1DAC460.xaml</XamlFileName>
      <Type>1</Type>
      <Subprocess>0</Subprocess>
      <Category>3</Category>
      <Mode>0</Mode>
      <Scope>4</Scope>
      <OnDemand>0</OnDemand>
      <TriggerOnCreate>0</TriggerOnCreate>
      <TriggerOnDelete>0</TriggerOnDelete>
      <AsyncAutodelete>0</AsyncAutodelete>
      <SyncWorkflowLogOnFailure>1</SyncWorkflowLogOnFailure>
      <StateCode>1</StateCode>
      <StatusCode>2</StatusCode>
      <CreateStage>40</CreateStage>
      <RunAs>1</RunAs>
      <SdkMessageId>{bb6bc349-03a2-eb11-b1ac-000d3ae8b93a}</SdkMessageId>
      <UniqueName>WO_StatusChangePost</UniqueName>
      <IsTransacted>1</IsTransacted>
      <IntroducedVersion>1.0.0.7</IntroducedVersion>
      <IsCustomizable>1</IsCustomizable>
      <FormId>{00000000-0000-0000-0000-000000000000}</FormId>
      <IsCustomProcessingStepAllowedForOtherPublishers>1</IsCustomProcessingStepAllowedForOtherPublishers>
      <PrimaryEntity>none</PrimaryEntity>
      <LocalizedNames>
        <LocalizedName languagecode="1033" description="WO_StatusChangePost" />
      </LocalizedNames>
    </Workflow>
    <Workflow WorkflowId="{235f485f-27f4-4272-a273-b972f3c7f559}" Name="Fill Regional Capacity">
      <XamlFileName>/Workflows/FillRegionalCapacity-235F485F-27F4-4272-A273-B972F3C7F559.xaml</XamlFileName>
      <Type>1</Type>
      <Subprocess>0</Subprocess>
      <Category>3</Category>
      <Mode>0</Mode>
      <Scope>1</Scope>
      <OnDemand>0</OnDemand>
      <TriggerOnCreate>1</TriggerOnCreate>
      <TriggerOnDelete>0</TriggerOnDelete>
      <AsyncAutodelete>0</AsyncAutodelete>
      <SyncWorkflowLogOnFailure>1</SyncWorkflowLogOnFailure>
      <StateCode>1</StateCode>
      <StatusCode>2</StatusCode>
      <CreateStage>40</CreateStage>
      <RunAs>1</RunAs>
      <SdkMessageId>{8f80331f-129f-ec11-b3fe-000d3a0c84c3}</SdkMessageId>
      <UniqueName>FillRegionalCapacity</UniqueName>
      <IsTransacted>1</IsTransacted>
      <IntroducedVersion>1.0.0.0</IntroducedVersion>
      <IsCustomizable>1</IsCustomizable>
      <FormId>{00000000-0000-0000-0000-000000000000}</FormId>
      <IsCustomProcessingStepAllowedForOtherPublishers>1</IsCustomProcessingStepAllowedForOtherPublishers>
      <PrimaryEntity>ovs_CDRegionalNOP</PrimaryEntity>
      <LocalizedNames>
        <LocalizedName languagecode="1033" description="Fill Regional Capacity" />
      </LocalizedNames>
    </Workflow>
    <Workflow WorkflowId="{4d1256ca-a0e7-472a-8c25-d6c3c48d01c6}" Name="Time Entry Validation">
      <XamlFileName>/Workflows/TimeEntryValidation-4D1256CA-A0E7-472A-8C25-D6C3C48D01C6.xaml</XamlFileName>
      <Type>1</Type>
      <Subprocess>0</Subprocess>
      <Category>3</Category>
      <Mode>0</Mode>
      <Scope>4</Scope>
      <OnDemand>0</OnDemand>
      <TriggerOnCreate>0</TriggerOnCreate>
      <TriggerOnDelete>0</TriggerOnDelete>
      <AsyncAutodelete>0</AsyncAutodelete>
      <SyncWorkflowLogOnFailure>1</SyncWorkflowLogOnFailure>
      <StateCode>1</StateCode>
      <StatusCode>2</StatusCode>
      <CreateStage>40</CreateStage>
      <RunAs>1</RunAs>
      <SdkMessageId>{d9013ea1-e9f6-ec11-82e5-000d3a8483f6}</SdkMessageId>
      <UniqueName>TimeEntryValidation</UniqueName>
      <IsTransacted>1</IsTransacted>
      <IntroducedVersion>1.2.0.17</IntroducedVersion>
      <IsCustomizable>1</IsCustomizable>
      <FormId>{00000000-0000-0000-0000-000000000000}</FormId>
      <IsCustomProcessingStepAllowedForOtherPublishers>1</IsCustomProcessingStepAllowedForOtherPublishers>
      <PrimaryEntity>none</PrimaryEntity>
      <LocalizedNames>
        <LocalizedName languagecode="1033" description="Time Entry Validation" />
      </LocalizedNames>
    </Workflow>
  </Workflows>
  <FieldSecurityProfiles></FieldSecurityProfiles>
  <Templates />
  <EntityMaps />
  <EntityRelationships />
  <OrganizationSettings />
  <optionsets />
  <CustomControls />
  <SolutionPluginAssemblies>
    <PluginAssembly FullName="TC.PowerApps.CustomActions, Version=1.0.0.1, Culture=neutral, PublicKeyToken=6aecae9f68df76db" PluginAssemblyId="9a847216-3b96-475d-a229-43dc08c156b3" CustomizationLevel="1">
      <IsolationMode>2</IsolationMode>
      <SourceType>0</SourceType>
      <IntroducedVersion>1.0</IntroducedVersion>
      <FileName>/PluginAssemblies/TCPowerAppsCustomActions-9A847216-3B96-475D-A229-43DC08C156B3/TCPowerAppsCustomActions.dll</FileName>
      <PluginTypes>
        <PluginType AssemblyQualifiedName="TC.PowerApps.CustomActions.Account.UpdateSiteName_ByOrganizationNameUpdate, TC.PowerApps.CustomActions, Version=1.0.0.1, Culture=neutral, PublicKeyToken=6aecae9f68df76db" PluginTypeId="156e6aab-1066-4ed7-b07d-eef322cc4f5a" Name="TC.PowerApps.CustomActions.Account.UpdateSiteName_ByOrganizationNameUpdate">
          <FriendlyName>92ce1c6d-13dd-4c63-a7c3-d287c10c847a</FriendlyName>
        </PluginType>
        <PluginType AssemblyQualifiedName="TC.PowerApps.CustomActions.BlobComm.DeleteFileFromBlob, TC.PowerApps.CustomActions, Version=1.0.0.1, Culture=neutral, PublicKeyToken=6aecae9f68df76db" PluginTypeId="57f526f8-5ebd-45ba-821e-41799bd530f7" Name="TC.PowerApps.CustomActions.BlobComm.DeleteFileFromBlob">
          <FriendlyName>415dd5fa-39e2-41bd-9e28-c92a9f8e3520</FriendlyName>
        </PluginType>
        <PluginType AssemblyQualifiedName="TC.PowerApps.CustomActions.BlobComm.DownloadBlobFile, TC.PowerApps.CustomActions, Version=1.0.0.1, Culture=neutral, PublicKeyToken=6aecae9f68df76db" PluginTypeId="88f603ea-f071-4385-b4c5-2fa1da519b89" Name="TC.PowerApps.CustomActions.BlobComm.DownloadBlobFile">
          <FriendlyName>e1420615-7576-4913-abdd-3117dc862039</FriendlyName>
        </PluginType>
        <PluginType AssemblyQualifiedName="TC.PowerApps.CustomActions.BlobComm.DownloadImageFile, TC.PowerApps.CustomActions, Version=1.0.0.1, Culture=neutral, PublicKeyToken=6aecae9f68df76db" PluginTypeId="78b7f9de-d68e-4524-b017-afdbb3c6d679" Name="TC.PowerApps.CustomActions.BlobComm.DownloadImageFile">
          <FriendlyName>d9b17691-20a1-4210-8dd0-1dcc149c0eb7</FriendlyName>
        </PluginType>
        <PluginType AssemblyQualifiedName="TC.PowerApps.CustomActions.BlobComm.ResultsGet, TC.PowerApps.CustomActions, Version=1.0.0.1, Culture=neutral, PublicKeyToken=6aecae9f68df76db" PluginTypeId="b857d6ce-2e3f-4dd9-bea0-54b2b2e87c48" Name="TC.PowerApps.CustomActions.BlobComm.ResultsGet">
          <FriendlyName>33309ea4-b060-4646-a8e3-456539a4aaf8</FriendlyName>
        </PluginType>
        <PluginType AssemblyQualifiedName="TC.PowerApps.CustomActions.BlobComm.ResultsPost, TC.PowerApps.CustomActions, Version=1.0.0.1, Culture=neutral, PublicKeyToken=6aecae9f68df76db" PluginTypeId="37cac1ed-ac55-4d3d-8b03-c3af99801402" Name="TC.PowerApps.CustomActions.BlobComm.ResultsPost">
          <FriendlyName>a39fbc53-cb82-4ae4-9c72-a966f74f4f9d</FriendlyName>
        </PluginType>
        <PluginType AssemblyQualifiedName="TC.PowerApps.CustomActions.BlobComm.UploadImageFile, TC.PowerApps.CustomActions, Version=1.0.0.1, Culture=neutral, PublicKeyToken=6aecae9f68df76db" PluginTypeId="06cdea6e-cda7-4c99-917f-04442ad98aa2" Name="TC.PowerApps.CustomActions.BlobComm.UploadImageFile">
          <FriendlyName>b9b5a6a4-516f-46ff-86b8-ac81d4d71d20</FriendlyName>
        </PluginType>
        <PluginType AssemblyQualifiedName="TC.PowerApps.CustomActions.CRA.GetAccountByBN, TC.PowerApps.CustomActions, Version=1.0.0.1, Culture=neutral, PublicKeyToken=6aecae9f68df76db" PluginTypeId="98042fba-1d00-453e-ade2-40945f146ad2" Name="TC.PowerApps.CustomActions.CRA.GetAccountByBN">
          <FriendlyName>23c8ceff-065d-40b9-b239-20603fb60d60</FriendlyName>
        </PluginType>
        <PluginType AssemblyQualifiedName="TC.PowerApps.CustomActions.CustomerRequest.CustomerRequestMerger, TC.PowerApps.CustomActions, Version=1.0.0.1, Culture=neutral, PublicKeyToken=6aecae9f68df76db" PluginTypeId="270ca727-e74e-4a44-95d3-40b1bfda8a5b" Name="TC.PowerApps.CustomActions.CustomerRequest.CustomerRequestMerger">
          <FriendlyName>4270d2fa-6c27-4daf-b63d-eb1c789f3472</FriendlyName>
        </PluginType>
        <PluginType AssemblyQualifiedName="TC.PowerApps.CustomActions.IncidentScope.CalculateIncidentScope, TC.PowerApps.CustomActions, Version=1.0.0.1, Culture=neutral, PublicKeyToken=6aecae9f68df76db" PluginTypeId="68c4d43b-91a1-412a-b999-74abf9996f1c" Name="TC.PowerApps.CustomActions.IncidentScope.CalculateIncidentScope">
          <FriendlyName>c86582a1-0556-4202-98a0-b0907f7b9993</FriendlyName>
        </PluginType>
        <PluginType AssemblyQualifiedName="TC.PowerApps.CustomActions.IncidentScope.CloneIncidentReport, TC.PowerApps.CustomActions, Version=1.0.0.1, Culture=neutral, PublicKeyToken=6aecae9f68df76db" PluginTypeId="0e44c226-9ab4-4365-8e4a-e7a67d811c0a" Name="TC.PowerApps.CustomActions.IncidentScope.CloneIncidentReport">
          <FriendlyName>f7403386-8dc0-4e71-a4dc-21e4529aed25</FriendlyName>
        </PluginType>
        <PluginType AssemblyQualifiedName="TC.PowerApps.CustomActions.IncidentScope.SetIncidentReportPrimary, TC.PowerApps.CustomActions, Version=1.0.0.1, Culture=neutral, PublicKeyToken=6aecae9f68df76db" PluginTypeId="d6dc38e6-9f40-4996-af6e-a7c92ac5d8d9" Name="TC.PowerApps.CustomActions.IncidentScope.SetIncidentReportPrimary">
          <FriendlyName>d6ceb109-0537-4f7c-a746-48ada92f3977</FriendlyName>
        </PluginType>
        <PluginType AssemblyQualifiedName="TC.PowerApps.CustomActions.IPT.runIPTpost, TC.PowerApps.CustomActions, Version=1.0.0.1, Culture=neutral, PublicKeyToken=6aecae9f68df76db" PluginTypeId="4dec0a92-2b0a-4957-8a02-475cbe69a7f6" Name="TC.PowerApps.CustomActions.IPT.runIPTpost">
          <FriendlyName>7f028980-5ef6-4199-a4a0-412f615952bc</FriendlyName>
        </PluginType>
        <PluginType AssemblyQualifiedName="TC.PowerApps.CustomActions.RegionalNOP.FillRegionalCapacity, TC.PowerApps.CustomActions, Version=1.0.0.1, Culture=neutral, PublicKeyToken=6aecae9f68df76db" PluginTypeId="237f99a8-5a88-4447-8695-35bc98ce041f" Name="TC.PowerApps.CustomActions.RegionalNOP.FillRegionalCapacity">
          <FriendlyName>6df6c749-e135-419c-a699-c1df93dd3dc2</FriendlyName>
        </PluginType>
        <PluginType AssemblyQualifiedName="TC.PowerApps.CustomActions.ResourceRequirements.ResRequirementsPost, TC.PowerApps.CustomActions, Version=1.0.0.1, Culture=neutral, PublicKeyToken=6aecae9f68df76db" PluginTypeId="8add6bd9-88d6-4ddd-9361-f48197fad7aa" Name="TC.PowerApps.CustomActions.ResourceRequirements.ResRequirementsPost">
          <FriendlyName>4dbfaa60-51c7-49c5-8883-1d8422f500c6</FriendlyName>
        </PluginType>
        <PluginType AssemblyQualifiedName="TC.PowerApps.CustomActions.TimeTracking.TimeEntryValidation, TC.PowerApps.CustomActions, Version=1.0.0.1, Culture=neutral, PublicKeyToken=6aecae9f68df76db" PluginTypeId="cbb37117-fdbd-407b-a80f-79a0a0f6fcc6" Name="TC.PowerApps.CustomActions.TimeTracking.TimeEntryValidation">
          <FriendlyName>34a871e4-5479-4b6b-a7f5-4f8b77027354</FriendlyName>
        </PluginType>
        <PluginType AssemblyQualifiedName="TC.PowerApps.CustomActions.ViolationHistory.CompanyViolationsHistoryPost, TC.PowerApps.CustomActions, Version=1.0.0.1, Culture=neutral, PublicKeyToken=6aecae9f68df76db" PluginTypeId="89d4edf5-3461-4f6e-8f39-bd5bcbae4d5c" Name="TC.PowerApps.CustomActions.ViolationHistory.CompanyViolationsHistoryPost">
          <FriendlyName>339c523b-f3e8-471c-b698-a143235ae6f6</FriendlyName>
        </PluginType>
        <PluginType AssemblyQualifiedName="TC.PowerApps.CustomActions.ViolationHistory.ViolationsHistoryPost, TC.PowerApps.CustomActions, Version=1.0.0.1, Culture=neutral, PublicKeyToken=6aecae9f68df76db" PluginTypeId="2f943b15-d94e-4370-ab36-a84aaf5a5c09" Name="TC.PowerApps.CustomActions.ViolationHistory.ViolationsHistoryPost">
          <FriendlyName>9c41e291-4d79-445f-8697-bd70d52d53fe</FriendlyName>
        </PluginType>
        <PluginType AssemblyQualifiedName="TC.PowerApps.CustomActions.WO.CreateFollowupInspection, TC.PowerApps.CustomActions, Version=1.0.0.1, Culture=neutral, PublicKeyToken=6aecae9f68df76db" PluginTypeId="fb35ad50-cdee-4217-86f6-1f6baafcb50b" Name="TC.PowerApps.CustomActions.WO.CreateFollowupInspection">
          <FriendlyName>d16d3dec-31fe-4497-b766-f5f3873a20f2</FriendlyName>
        </PluginType>
        <PluginType AssemblyQualifiedName="TC.PowerApps.CustomActions.WO.WO_StatusChangePost, TC.PowerApps.CustomActions, Version=1.0.0.1, Culture=neutral, PublicKeyToken=6aecae9f68df76db" PluginTypeId="38f5c3a4-fac8-496c-a744-672bad5bbc4d" Name="TC.PowerApps.CustomActions.WO.WO_StatusChangePost">
          <FriendlyName>10ed7f4b-2b45-4a25-a571-c6a3dcee101b</FriendlyName>
        </PluginType>
      </PluginTypes>
    </PluginAssembly>
  </SolutionPluginAssemblies>
  <SdkMessageProcessingSteps>
    <SdkMessageProcessingStep Name="TC.PowerApps.CustomActions.Account.UpdateSiteName_ByOrganizationNameUpdate: ovs_UpdateSiteNameFromCompanyNameUpdate of any Entity" SdkMessageProcessingStepId="{7550349e-d479-ef11-ac20-0022483cbb70}">
      <SdkMessageId>18ce4518-d279-ef11-ac20-0022483cbb70</SdkMessageId>
      <PluginTypeName>TC.PowerApps.CustomActions.Account.UpdateSiteName_ByOrganizationNameUpdate, TC.PowerApps.CustomActions, Version=1.0.0.1, Culture=neutral, PublicKeyToken=6aecae9f68df76db</PluginTypeName>
      <PluginTypeId>156e6aab-1066-4ed7-b07d-eef322cc4f5a</PluginTypeId>
      <AsyncAutoDelete>0</AsyncAutoDelete>
      <Description>TC.PowerApps.CustomActions.Account.UpdateSiteName_ByOrganizationNameUpdate: ovs_UpdateSiteNameFromCompanyNameUpdate of any Entity</Description>
      <FilteringAttributes></FilteringAttributes>
      <InvocationSource>0</InvocationSource>
      <Mode>0</Mode>
      <Rank>1</Rank>
      <EventHandlerTypeCode>4602</EventHandlerTypeCode>
      <Stage>40</Stage>
      <IsCustomizable>1</IsCustomizable>
      <IsHidden>0</IsHidden>
      <SupportedDeployment>0</SupportedDeployment>
      <IntroducedVersion>1.0</IntroducedVersion>
      <SdkMessageProcessingStepImages />
    </SdkMessageProcessingStep>
    <SdkMessageProcessingStep Name="TC.PowerApps.CustomActions.BlobComm.DownloadBlobFile: ovs_BlobDownloadFile of any Entity" SdkMessageProcessingStepId="{838ad747-8101-ef11-9f89-002248b0d3d6}">
      <SdkMessageId>04384f05-83f2-ee11-a1fd-002248af8802</SdkMessageId>
      <PluginTypeName>TC.PowerApps.CustomActions.BlobComm.DownloadBlobFile, TC.PowerApps.CustomActions, Version=1.0.0.1, Culture=neutral, PublicKeyToken=6aecae9f68df76db</PluginTypeName>
      <PluginTypeId>88f603ea-f071-4385-b4c5-2fa1da519b89</PluginTypeId>
      <AsyncAutoDelete>0</AsyncAutoDelete>
      <Description>TC.PowerApps.CustomActions.BlobComm.DownloadBlobFile: ovs_BlobDownloadFile of any Entity</Description>
      <FilteringAttributes></FilteringAttributes>
      <InvocationSource>0</InvocationSource>
      <Mode>0</Mode>
      <Rank>1</Rank>
      <EventHandlerTypeCode>4602</EventHandlerTypeCode>
      <Stage>40</Stage>
      <IsCustomizable>1</IsCustomizable>
      <IsHidden>0</IsHidden>
      <SupportedDeployment>0</SupportedDeployment>
      <IntroducedVersion>1.0</IntroducedVersion>
      <SdkMessageProcessingStepImages />
    </SdkMessageProcessingStep>
    <SdkMessageProcessingStep Name="TC.PowerApps.CustomActions.CRA.GetAccountByBN: ovs_GetAccountByBN of any Entity" SdkMessageProcessingStepId="{3dfc3229-d3f2-ee11-a1fd-000d3ae9455d}">
      <SdkMessageId>a652d098-d2f2-ee11-a1fd-002248af8802</SdkMessageId>
      <PluginTypeName>TC.PowerApps.CustomActions.CRA.GetAccountByBN, TC.PowerApps.CustomActions, Version=1.0.0.1, Culture=neutral, PublicKeyToken=6aecae9f68df76db</PluginTypeName>
      <PluginTypeId>98042fba-1d00-453e-ade2-40945f146ad2</PluginTypeId>
      <AsyncAutoDelete>0</AsyncAutoDelete>
      <Description>TC.PowerApps.CustomActions.CRA.GetAccountByBN: ovs_GetAccountByBN of any Entity</Description>
      <FilteringAttributes></FilteringAttributes>
      <InvocationSource>0</InvocationSource>
      <Mode>0</Mode>
      <Rank>1</Rank>
      <EventHandlerTypeCode>4602</EventHandlerTypeCode>
      <Stage>40</Stage>
      <IsCustomizable>1</IsCustomizable>
      <IsHidden>0</IsHidden>
      <SupportedDeployment>0</SupportedDeployment>
      <IntroducedVersion>1.0</IntroducedVersion>
      <SdkMessageProcessingStepImages />
    </SdkMessageProcessingStep>
    <SdkMessageProcessingStep Name="TC.PowerApps.CustomActions.CustomerRequest.CustomerRequestMerger: ovs_MergeDuplicatedCustomerRequests of any Entity" SdkMessageProcessingStepId="{e7463380-8ebc-ee11-9078-002248b0ab18}">
      <SdkMessageId>a82fbba1-c39a-ee11-be37-000d3af35f84</SdkMessageId>
      <PluginTypeName>TC.PowerApps.CustomActions.CustomerRequest.CustomerRequestMerger, TC.PowerApps.CustomActions, Version=1.0.0.1, Culture=neutral, PublicKeyToken=6aecae9f68df76db</PluginTypeName>
      <PluginTypeId>270ca727-e74e-4a44-95d3-40b1bfda8a5b</PluginTypeId>
      <AsyncAutoDelete>0</AsyncAutoDelete>
      <Description>TC.PowerApps.CustomActions.CustomerRequest.CustomerRequestMerger: ovs_MergeDuplicatedCustomerRequests of any Entity</Description>
      <FilteringAttributes></FilteringAttributes>
      <InvocationSource>0</InvocationSource>
      <Mode>0</Mode>
      <Rank>1</Rank>
      <EventHandlerTypeCode>4602</EventHandlerTypeCode>
      <Stage>40</Stage>
      <IsCustomizable>1</IsCustomizable>
      <IsHidden>0</IsHidden>
      <SupportedDeployment>0</SupportedDeployment>
      <IntroducedVersion>1.0</IntroducedVersion>
      <SdkMessageProcessingStepImages />
    </SdkMessageProcessingStep>
    <SdkMessageProcessingStep Name="TC.PowerApps.CustomActions.IPT.runIPTpost: ovs_IPTRun of any Entity" SdkMessageProcessingStepId="{f6c0dbe8-828e-ec11-8d20-0022483bb0e4}">
      <SdkMessageId>e1ca6226-828e-ec11-8d20-0022483bb0e4</SdkMessageId>
      <PluginTypeName>TC.PowerApps.CustomActions.IPT.runIPTpost, TC.PowerApps.CustomActions, Version=1.0.0.1, Culture=neutral, PublicKeyToken=6aecae9f68df76db</PluginTypeName>
      <PluginTypeId>4dec0a92-2b0a-4957-8a02-475cbe69a7f6</PluginTypeId>
      <AsyncAutoDelete>0</AsyncAutoDelete>
      <Description>TC.PowerApps.CustomActions.IPT.runIPTpost: ovs_IPTRun of any Entity</Description>
      <FilteringAttributes></FilteringAttributes>
      <InvocationSource>0</InvocationSource>
      <Mode>0</Mode>
      <Rank>1</Rank>
      <EventHandlerTypeCode>4602</EventHandlerTypeCode>
      <Stage>40</Stage>
      <IsCustomizable>1</IsCustomizable>
      <IsHidden>0</IsHidden>
      <SupportedDeployment>0</SupportedDeployment>
      <IntroducedVersion>1.0</IntroducedVersion>
      <SdkMessageProcessingStepImages />
    </SdkMessageProcessingStep>
    <SdkMessageProcessingStep Name="TC.PowerApps.CustomActions.IncidentScope.CalculateIncidentScope: ovs_CalculateIncidentScope of any Entity" SdkMessageProcessingStepId="{cfe01caa-1c6a-ef11-a671-0022483bb3a9}">
      <SdkMessageId>f246f084-186a-ef11-a671-0022483bb3a9</SdkMessageId>
      <PluginTypeName>TC.PowerApps.CustomActions.IncidentScope.CalculateIncidentScope, TC.PowerApps.CustomActions, Version=1.0.0.1, Culture=neutral, PublicKeyToken=6aecae9f68df76db</PluginTypeName>
      <PluginTypeId>68c4d43b-91a1-412a-b999-74abf9996f1c</PluginTypeId>
      <AsyncAutoDelete>0</AsyncAutoDelete>
      <Description>TC.PowerApps.CustomActions.IncidentScope.CalculateIncidentScope: ovs_CalculateIncidentScope of any Entity</Description>
      <FilteringAttributes></FilteringAttributes>
      <InvocationSource>0</InvocationSource>
      <Mode>0</Mode>
      <Rank>1</Rank>
      <EventHandlerTypeCode>4602</EventHandlerTypeCode>
      <Stage>40</Stage>
      <IsCustomizable>1</IsCustomizable>
      <IsHidden>0</IsHidden>
      <SupportedDeployment>0</SupportedDeployment>
      <IntroducedVersion>1.0</IntroducedVersion>
      <SdkMessageProcessingStepImages />
    </SdkMessageProcessingStep>
    <SdkMessageProcessingStep Name="TC.PowerApps.CustomActions.IncidentScope.CloneIncidentReport: ovs_CloneIncidentReport of any Entity" SdkMessageProcessingStepId="{b545f2f0-6b86-ef11-ac20-000d3ae87da5}">
      <SdkMessageId>676cb1a4-6886-ef11-ac20-6045bd5c06ef</SdkMessageId>
      <PluginTypeName>TC.PowerApps.CustomActions.IncidentScope.CloneIncidentReport, TC.PowerApps.CustomActions, Version=1.0.0.1, Culture=neutral, PublicKeyToken=6aecae9f68df76db</PluginTypeName>
      <PluginTypeId>0e44c226-9ab4-4365-8e4a-e7a67d811c0a</PluginTypeId>
      <AsyncAutoDelete>0</AsyncAutoDelete>
      <Description>TC.PowerApps.CustomActions.IncidentScope.CloneIncidentReport: ovs_CloneIncidentReport of any Entity</Description>
      <FilteringAttributes></FilteringAttributes>
      <InvocationSource>0</InvocationSource>
      <Mode>0</Mode>
      <Rank>1</Rank>
      <EventHandlerTypeCode>4602</EventHandlerTypeCode>
      <Stage>40</Stage>
      <IsCustomizable>1</IsCustomizable>
      <IsHidden>0</IsHidden>
      <SupportedDeployment>0</SupportedDeployment>
      <IntroducedVersion>1.0</IntroducedVersion>
      <SdkMessageProcessingStepImages />
    </SdkMessageProcessingStep>
    <SdkMessageProcessingStep Name="TC.PowerApps.CustomActions.IncidentScope.SetIncidentReportPrimary: ovs_SetIncidentReportPrimary of any Entity" SdkMessageProcessingStepId="{cbdb5244-288b-ef11-8a69-002248adac91}">
      <SdkMessageId>fe33a0cb-268b-ef11-8a69-002248adac91</SdkMessageId>
      <PluginTypeName>TC.PowerApps.CustomActions.IncidentScope.SetIncidentReportPrimary, TC.PowerApps.CustomActions, Version=1.0.0.1, Culture=neutral, PublicKeyToken=6aecae9f68df76db</PluginTypeName>
      <PluginTypeId>d6dc38e6-9f40-4996-af6e-a7c92ac5d8d9</PluginTypeId>
      <AsyncAutoDelete>0</AsyncAutoDelete>
      <Description>TC.PowerApps.CustomActions.IncidentScope.SetIncidentReportPrimary: ovs_SetIncidentReportPrimary of any Entity</Description>
      <FilteringAttributes></FilteringAttributes>
      <InvocationSource>0</InvocationSource>
      <Mode>0</Mode>
      <Rank>1</Rank>
      <EventHandlerTypeCode>4602</EventHandlerTypeCode>
      <Stage>40</Stage>
      <IsCustomizable>1</IsCustomizable>
      <IsHidden>0</IsHidden>
      <SupportedDeployment>0</SupportedDeployment>
      <IntroducedVersion>1.0</IntroducedVersion>
      <SdkMessageProcessingStepImages />
    </SdkMessageProcessingStep>
    <SdkMessageProcessingStep Name="TC.PowerApps.CustomActions.RegionalNOP.FillRegionalCapacity: ovs_FillRegionalCapacity of ovs_cdregionalnop" SdkMessageProcessingStepId="{1df45bca-129f-ec11-b3fe-000d3a842be7}">
      <SdkMessageId>8f80331f-129f-ec11-b3fe-000d3a0c84c3</SdkMessageId>
      <PluginTypeName>TC.PowerApps.CustomActions.RegionalNOP.FillRegionalCapacity, TC.PowerApps.CustomActions, Version=1.0.0.1, Culture=neutral, PublicKeyToken=6aecae9f68df76db</PluginTypeName>
      <PluginTypeId>237f99a8-5a88-4447-8695-35bc98ce041f</PluginTypeId>
      <PrimaryEntity>ovs_cdregionalnop</PrimaryEntity>
      <AsyncAutoDelete>0</AsyncAutoDelete>
      <Description>TC.PowerApps.CustomActions.RegionalNOP.FillRegionalCapacity: ovs_FillRegionalCapacity of ovs_cdregionalnop</Description>
      <FilteringAttributes></FilteringAttributes>
      <InvocationSource>0</InvocationSource>
      <Mode>0</Mode>
      <Rank>1</Rank>
      <EventHandlerTypeCode>4602</EventHandlerTypeCode>
      <Stage>40</Stage>
      <IsCustomizable>1</IsCustomizable>
      <IsHidden>0</IsHidden>
      <SupportedDeployment>0</SupportedDeployment>
      <IntroducedVersion>1.0</IntroducedVersion>
      <SdkMessageProcessingStepImages />
    </SdkMessageProcessingStep>
    <SdkMessageProcessingStep Name="TC.PowerApps.CustomActions.ResourceRequirements.ResRequirementsPost: ovs_TDGReassignResourceRequirements of any Entity" SdkMessageProcessingStepId="{f28ec69b-fc4b-ec11-8f8e-000d3ae8eddc}">
      <SdkMessageId>bf58e3de-fb4b-ec11-8f8e-000d3ae8e96e</SdkMessageId>
      <PluginTypeName>TC.PowerApps.CustomActions.ResourceRequirements.ResRequirementsPost, TC.PowerApps.CustomActions, Version=1.0.0.1, Culture=neutral, PublicKeyToken=6aecae9f68df76db</PluginTypeName>
      <PluginTypeId>8add6bd9-88d6-4ddd-9361-f48197fad7aa</PluginTypeId>
      <AsyncAutoDelete>0</AsyncAutoDelete>
      <Description>TC.PowerApps.CustomActions.ResourceRequirements.ResRequirementsPost: ovs_TDGReassignResourceRequirements of any Entity</Description>
      <FilteringAttributes></FilteringAttributes>
      <InvocationSource>0</InvocationSource>
      <Mode>0</Mode>
      <Rank>1</Rank>
      <EventHandlerTypeCode>4602</EventHandlerTypeCode>
      <Stage>40</Stage>
      <IsCustomizable>1</IsCustomizable>
      <IsHidden>0</IsHidden>
      <SupportedDeployment>0</SupportedDeployment>
      <IntroducedVersion>1.0</IntroducedVersion>
      <SdkMessageProcessingStepImages />
    </SdkMessageProcessingStep>
    <SdkMessageProcessingStep Name="TC.PowerApps.CustomActions.TimeTracking.TimeEntryValidation: ovs_TimeEntryValidation of any Entity" SdkMessageProcessingStepId="{0ab6f06c-ecf6-ec11-82e5-000d3a848097}">
      <SdkMessageId>d9013ea1-e9f6-ec11-82e5-000d3a8483f6</SdkMessageId>
      <PluginTypeName>TC.PowerApps.CustomActions.TimeTracking.TimeEntryValidation, TC.PowerApps.CustomActions, Version=1.0.0.1, Culture=neutral, PublicKeyToken=6aecae9f68df76db</PluginTypeName>
      <PluginTypeId>cbb37117-fdbd-407b-a80f-79a0a0f6fcc6</PluginTypeId>
      <AsyncAutoDelete>0</AsyncAutoDelete>
      <Description>TC.PowerApps.CustomActions.TimeTracking.TimeEntryValidation: ovs_TimeEntryValidation of any Entity</Description>
      <FilteringAttributes></FilteringAttributes>
      <InvocationSource>0</InvocationSource>
      <Mode>0</Mode>
      <Rank>1</Rank>
      <EventHandlerTypeCode>4602</EventHandlerTypeCode>
      <Stage>40</Stage>
      <IsCustomizable>1</IsCustomizable>
      <IsHidden>0</IsHidden>
      <SupportedDeployment>0</SupportedDeployment>
      <IntroducedVersion>1.0</IntroducedVersion>
      <SdkMessageProcessingStepImages />
    </SdkMessageProcessingStep>
    <SdkMessageProcessingStep Name="TC.PowerApps.CustomActions.ViolationHistory.CompanyViolationsHistoryPost: ovs_CompanyViolationsHistoryPost of any Entity" SdkMessageProcessingStepId="{8746b7b1-bbea-ee11-a203-000d3ae9455d}">
      <SdkMessageId>b20a159d-b6ea-ee11-a203-002248adb34a</SdkMessageId>
      <PluginTypeName>TC.PowerApps.CustomActions.ViolationHistory.CompanyViolationsHistoryPost, TC.PowerApps.CustomActions, Version=1.0.0.1, Culture=neutral, PublicKeyToken=6aecae9f68df76db</PluginTypeName>
      <PluginTypeId>89d4edf5-3461-4f6e-8f39-bd5bcbae4d5c</PluginTypeId>
      <AsyncAutoDelete>0</AsyncAutoDelete>
      <Description>TC.PowerApps.CustomActions.ViolationHistory.CompanyViolationsHistoryPost: ovs_CompanyViolationsHistoryPost of any Entity</Description>
      <FilteringAttributes></FilteringAttributes>
      <InvocationSource>0</InvocationSource>
      <Mode>0</Mode>
      <Rank>1</Rank>
      <EventHandlerTypeCode>4602</EventHandlerTypeCode>
      <Stage>40</Stage>
      <IsCustomizable>1</IsCustomizable>
      <IsHidden>0</IsHidden>
      <SupportedDeployment>0</SupportedDeployment>
      <IntroducedVersion>1.0</IntroducedVersion>
      <SdkMessageProcessingStepImages />
    </SdkMessageProcessingStep>
    <SdkMessageProcessingStep Name="TC.PowerApps.CustomActions.ViolationHistory.ViolationsHistoryPost: ovs_ViolationsHistoryPost of any Entity" SdkMessageProcessingStepId="{a1d9f04d-d5b5-eb11-8236-0022483bc30f}">
      <SdkMessageId>4baf283d-d3b5-eb11-8236-0022483bc67c</SdkMessageId>
      <PluginTypeName>TC.PowerApps.CustomActions.ViolationHistory.ViolationsHistoryPost, TC.PowerApps.CustomActions, Version=1.0.0.1, Culture=neutral, PublicKeyToken=6aecae9f68df76db</PluginTypeName>
      <PluginTypeId>2f943b15-d94e-4370-ab36-a84aaf5a5c09</PluginTypeId>
      <AsyncAutoDelete>0</AsyncAutoDelete>
      <Description>TC.PowerApps.CustomActions.ViolationHistory.ViolationsHistoryPost: ovs_ViolationsHistoryPost of any Entity</Description>
      <FilteringAttributes></FilteringAttributes>
      <InvocationSource>0</InvocationSource>
      <Mode>0</Mode>
      <Rank>1</Rank>
      <EventHandlerTypeCode>4602</EventHandlerTypeCode>
      <Stage>40</Stage>
      <IsCustomizable>1</IsCustomizable>
      <IsHidden>0</IsHidden>
      <SupportedDeployment>0</SupportedDeployment>
      <IntroducedVersion>1.0</IntroducedVersion>
      <SdkMessageProcessingStepImages />
    </SdkMessageProcessingStep>
    <SdkMessageProcessingStep Name="TC.PowerApps.CustomActions.WO.CreateFollowupInspection: ovs_CreateFollowUpInspection of any Entity" SdkMessageProcessingStepId="{617f55ee-dba2-eb11-b1ac-000d3ae8b93a}">
      <SdkMessageId>ba7d9064-d9a2-eb11-b1ac-000d3ae8b8ae</SdkMessageId>
      <PluginTypeName>TC.PowerApps.CustomActions.WO.CreateFollowupInspection, TC.PowerApps.CustomActions, Version=1.0.0.1, Culture=neutral, PublicKeyToken=6aecae9f68df76db</PluginTypeName>
      <PluginTypeId>fb35ad50-cdee-4217-86f6-1f6baafcb50b</PluginTypeId>
      <AsyncAutoDelete>0</AsyncAutoDelete>
      <Description>TC.PowerApps.CustomActions.WO.CreateFollowupInspection: ovs_CreateFollowUpInspection of any Entity</Description>
      <FilteringAttributes></FilteringAttributes>
      <InvocationSource>0</InvocationSource>
      <Mode>0</Mode>
      <Rank>1</Rank>
      <EventHandlerTypeCode>4602</EventHandlerTypeCode>
      <Stage>40</Stage>
      <IsCustomizable>1</IsCustomizable>
      <IsHidden>0</IsHidden>
      <SupportedDeployment>0</SupportedDeployment>
      <IntroducedVersion>1.0</IntroducedVersion>
      <SdkMessageProcessingStepImages />
    </SdkMessageProcessingStep>
    <SdkMessageProcessingStep Name="TC.PowerApps.CustomActions.WO.WO_StatusChangePost: ovs_WO_StatusChangePost of any Entity" SdkMessageProcessingStepId="{304f5ee7-06a2-eb11-b1ac-000d3ae8b93a}">
      <SdkMessageId>bb6bc349-03a2-eb11-b1ac-000d3ae8b93a</SdkMessageId>
      <PluginTypeName>TC.PowerApps.CustomActions.WO.WO_StatusChangePost, TC.PowerApps.CustomActions, Version=1.0.0.1, Culture=neutral, PublicKeyToken=6aecae9f68df76db</PluginTypeName>
      <PluginTypeId>38f5c3a4-fac8-496c-a744-672bad5bbc4d</PluginTypeId>
      <AsyncAutoDelete>0</AsyncAutoDelete>
      <Description>TC.PowerApps.CustomActions.WO.WO_StatusChangePost: ovs_WO_StatusChangePost of any Entity</Description>
      <FilteringAttributes></FilteringAttributes>
      <InvocationSource>0</InvocationSource>
      <Mode>0</Mode>
      <Rank>1</Rank>
      <EventHandlerTypeCode>4602</EventHandlerTypeCode>
      <Stage>40</Stage>
      <IsCustomizable>1</IsCustomizable>
      <IsHidden>0</IsHidden>
      <SupportedDeployment>0</SupportedDeployment>
      <IntroducedVersion>1.0</IntroducedVersion>
      <SdkMessageProcessingStepImages />
    </SdkMessageProcessingStep>
  </SdkMessageProcessingSteps>
  <EntityDataProviders />
  <Languages>
    <Language>1033</Language>
    <Language>1036</Language>
  </Languages>
</ImportExportXml>