<ImportExportXml version="9.2.24103.192" SolutionPackageVersion="9.2" languagecode="1033" generatedBy="CrmLive" xmlns:xsi="http://www.w3.org/2001/XMLSchema-instance" OrganizationVersion="9.2.24103.192" OrganizationSchemaType="Full" CRMServerServiceabilityVersion="9.2.24103.00192">
  <SolutionManifest>
    <UniqueName>TC_GlobalCore_Patch_3b58267d</UniqueName>
    <LocalizedNames>
      <LocalizedName description="TDG Core Schema" languagecode="1033" />
    </LocalizedNames>
    <Descriptions>
      <Description description="Patch for TDG Core Schema" languagecode="1033" />
    </Descriptions>
    <ParentUniqueName>TC_GlobalCore</ParentUniqueName>
    <Version>1.166.13.0</Version>
    <Managed>1</Managed>
    <Publisher>
      <UniqueName>oversightpublisher</UniqueName>
      <LocalizedNames>
        <LocalizedName description="Oversight" languagecode="1033" />
      </LocalizedNames>
      <Descriptions>
        <Description description="This is the common solution for AvSec Inspection and TDG Inspection." languagecode="1033" />
      </Descriptions>
      <EMailAddress xsi:nil="true"></EMailAddress>
      <SupportingWebsiteUrl xsi:nil="true"></SupportingWebsiteUrl>
      <CustomizationPrefix>ovs</CustomizationPrefix>
      <CustomizationOptionValuePrefix>91864</CustomizationOptionValuePrefix>
      <Addresses>
        <Address>
          <AddressNumber>1</AddressNumber>
          <AddressTypeCode>1</AddressTypeCode>
          <City xsi:nil="true"></City>
          <County xsi:nil="true"></County>
          <Country xsi:nil="true"></Country>
          <Fax xsi:nil="true"></Fax>
          <FreightTermsCode xsi:nil="true"></FreightTermsCode>
          <ImportSequenceNumber xsi:nil="true"></ImportSequenceNumber>
          <Latitude xsi:nil="true"></Latitude>
          <Line1 xsi:nil="true"></Line1>
          <Line2 xsi:nil="true"></Line2>
          <Line3 xsi:nil="true"></Line3>
          <Longitude xsi:nil="true"></Longitude>
          <Name xsi:nil="true"></Name>
          <PostalCode xsi:nil="true"></PostalCode>
          <PostOfficeBox xsi:nil="true"></PostOfficeBox>
          <PrimaryContactName xsi:nil="true"></PrimaryContactName>
          <ShippingMethodCode>1</ShippingMethodCode>
          <StateOrProvince xsi:nil="true"></StateOrProvince>
          <Telephone1 xsi:nil="true"></Telephone1>
          <Telephone2 xsi:nil="true"></Telephone2>
          <Telephone3 xsi:nil="true"></Telephone3>
          <TimeZoneRuleVersionNumber xsi:nil="true"></TimeZoneRuleVersionNumber>
          <UPSZone xsi:nil="true"></UPSZone>
          <UTCOffset xsi:nil="true"></UTCOffset>
          <UTCConversionTimeZoneCode xsi:nil="true"></UTCConversionTimeZoneCode>
        </Address>
        <Address>
          <AddressNumber>2</AddressNumber>
          <AddressTypeCode>1</AddressTypeCode>
          <City xsi:nil="true"></City>
          <County xsi:nil="true"></County>
          <Country xsi:nil="true"></Country>
          <Fax xsi:nil="true"></Fax>
          <FreightTermsCode xsi:nil="true"></FreightTermsCode>
          <ImportSequenceNumber xsi:nil="true"></ImportSequenceNumber>
          <Latitude xsi:nil="true"></Latitude>
          <Line1 xsi:nil="true"></Line1>
          <Line2 xsi:nil="true"></Line2>
          <Line3 xsi:nil="true"></Line3>
          <Longitude xsi:nil="true"></Longitude>
          <Name xsi:nil="true"></Name>
          <PostalCode xsi:nil="true"></PostalCode>
          <PostOfficeBox xsi:nil="true"></PostOfficeBox>
          <PrimaryContactName xsi:nil="true"></PrimaryContactName>
          <ShippingMethodCode>1</ShippingMethodCode>
          <StateOrProvince xsi:nil="true"></StateOrProvince>
          <Telephone1 xsi:nil="true"></Telephone1>
          <Telephone2 xsi:nil="true"></Telephone2>
          <Telephone3 xsi:nil="true"></Telephone3>
          <TimeZoneRuleVersionNumber xsi:nil="true"></TimeZoneRuleVersionNumber>
          <UPSZone xsi:nil="true"></UPSZone>
          <UTCOffset xsi:nil="true"></UTCOffset>
          <UTCConversionTimeZoneCode xsi:nil="true"></UTCConversionTimeZoneCode>
        </Address>
      </Addresses>
    </Publisher>
    <RootComponents>
      <RootComponent type="1" schemaName="ovs_incident_organization" behavior="1" />
      <RootComponent type="1" schemaName="ovs_incident_report" behavior="1" />
      <RootComponent type="1" schemaName="ovs_moc_dangerousgood" behavior="1" />
      <RootComponent type="1" schemaName="ovs_organization_contact" behavior="2" />
      <RootComponent type="20" id="{682094a5-178a-ee11-8179-000d3af35f84}" behavior="0" />
      <RootComponent type="61" schemaName="ovs_/RenderBlobFile.html" behavior="0" />
      <RootComponent type="61" schemaName="ovs_incident_ribbon.js" behavior="0" />
      <RootComponent type="80" schemaName="ovs_TDGIncidentsIncidentsTMD" behavior="0" />
    </RootComponents>
    <MissingDependencies>
      <MissingDependency>
        <Required type="1" schemaName="adx_invitation" displayName="Invitation" solution="PowerPages_RuntimeCore (1.0.2407.1)">
          <package>PowerPages_Core (1.0.2409.121)</package>
        </Required>
        <Dependent type="80" schemaName="ovs_TDGIncidentsIncidentsTMD" displayName="TDG Incidents / Incidents TMD" />
      </MissingDependency>
      <MissingDependency>
        <Required type="1" schemaName="ovs_incident" displayName="Incident" solution="Active" />
        <Dependent type="80" schemaName="ovs_TDGIncidentsIncidentsTMD" displayName="TDG Incidents / Incidents TMD" />
      </MissingDependency>
      <MissingDependency>
        <Required type="1" schemaName="ovs_incident_injury" displayName="Incident Injury" solution="Active" />
        <Dependent type="60" displayName="Information" parentDisplayName="Incident Report" id="{ee604d8a-4a0b-48ff-af79-eef48d71f87f}" />
      </MissingDependency>
      <MissingDependency>
        <Required type="1" schemaName="ovs_incident_organization" displayName="Incident Organization" solution="Active" />
        <Dependent type="1" schemaName="ovs_incident_organization" displayName="Incident Organization" />
      </MissingDependency>
      <MissingDependency>
        <Required type="1" schemaName="ovs_incident_report" displayName="Incident Report" solution="Active" />
        <Dependent type="1" schemaName="ovs_incident_report" displayName="Incident Report" />
      </MissingDependency>
      <MissingDependency>
        <Required type="1" schemaName="ovs_invitation" displayName="Invitation" solution="Active" />
        <Dependent type="80" schemaName="ovs_TDGIncidentsIncidentsTMD" displayName="TDG Incidents / Incidents TMD" />
      </MissingDependency>
      <MissingDependency>
        <Required type="1" schemaName="ovs_moc" displayName="MOC" solution="Active" />
        <Dependent type="60" displayName="Information" parentDisplayName="Incident Report" id="{ee604d8a-4a0b-48ff-af79-eef48d71f87f}" />
      </MissingDependency>
      <MissingDependency>
        <Required type="1" schemaName="ovs_moc_dangerousgood" displayName="MOC Dangerous Good" solution="Active" />
        <Dependent type="1" schemaName="ovs_moc_dangerousgood" displayName="MOC Dangerous Good" />
      </MissingDependency>
      <MissingDependency>
        <Required type="1" schemaName="ovs_organization_contact" displayName="Organization Contact" solution="Active" />
        <Dependent type="1" schemaName="ovs_organization_contact" displayName="Organization Contact" />
      </MissingDependency>
      <MissingDependency>
        <Required type="1" schemaName="ovs_supportrequest" displayName="Support Request" solution="Active" />
        <Dependent type="80" schemaName="ovs_TDGIncidentsIncidentsTMD" displayName="TDG Incidents / Incidents TMD" />
      </MissingDependency>
      <MissingDependency>
        <Required type="10" schemaName="ovs_incident_report_account" displayName="ovs_incident_report_account" parentSchemaName="account" parentDisplayName="Account" solution="Active" />
        <Dependent type="60" displayName="Information" parentDisplayName="Incident Report" id="{ee604d8a-4a0b-48ff-af79-eef48d71f87f}" />
      </MissingDependency>
      <MissingDependency>
        <Required type="10" schemaName="ovs_incident_report_site_account" displayName="ovs_incident_report_site_account" parentSchemaName="account" parentDisplayName="Account" solution="Active" />
        <Dependent type="60" displayName="Information" parentDisplayName="Incident Report" id="{ee604d8a-4a0b-48ff-af79-eef48d71f87f}" />
      </MissingDependency>
      <MissingDependency>
        <Required type="10" schemaName="ovs_organization_contact_organization" displayName="ovs_organization_contact_organization" parentSchemaName="account" parentDisplayName="Account" solution="Active" />
        <Dependent type="60" displayName="Information" parentDisplayName="Organization Contact" id="{e2de43fd-ff25-4d4a-b0b6-6d9a743dfc92}" />
      </MissingDependency>
      <MissingDependency>
        <Required type="10" schemaName="ovs_organization_contact_contact" displayName="ovs_organization_contact_contact" parentSchemaName="contact" parentDisplayName="Contact" solution="Active" />
        <Dependent type="60" displayName="Information" parentDisplayName="Organization Contact" id="{e2de43fd-ff25-4d4a-b0b6-6d9a743dfc92}" />
      </MissingDependency>
      <MissingDependency>
        <Required type="10" schemaName="ovs_incident_incident_report" displayName="ovs_incident_incident_report" parentSchemaName="ovs_incident" parentDisplayName="Incident" solution="Active" />
        <Dependent type="60" displayName="Information" parentDisplayName="Incident Report" id="{ee604d8a-4a0b-48ff-af79-eef48d71f87f}" />
      </MissingDependency>
      <MissingDependency>
        <Required type="10" schemaName="ovs_incident_report_incident_organization" displayName="ovs_incident_report_incident_organization" parentSchemaName="ovs_incident_report" parentDisplayName="Incident Report" solution="Active" />
        <Dependent type="60" displayName="Information" parentDisplayName="Incident Report" id="{ee604d8a-4a0b-48ff-af79-eef48d71f87f}" />
      </MissingDependency>
      <MissingDependency>
        <Required type="10" schemaName="ovs_incident_report_moc" displayName="ovs_incident_report_moc" parentSchemaName="ovs_incident_report" parentDisplayName="Incident Report" solution="Active" />
        <Dependent type="60" displayName="Information" parentDisplayName="Incident Report" id="{ee604d8a-4a0b-48ff-af79-eef48d71f87f}" />
      </MissingDependency>
      <MissingDependency>
        <Required type="10" schemaName="ovs_organization_contact_role" displayName="ovs_organization_contact_role" parentSchemaName="ovs_organization_contact_role" parentDisplayName="Organization Contact Role" solution="Active" />
        <Dependent type="60" displayName="Information" parentDisplayName="Organization Contact" id="{e2de43fd-ff25-4d4a-b0b6-6d9a743dfc92}" />
      </MissingDependency>
      <MissingDependency>
        <Required type="10" schemaName="ovs_incident_report_region_territory" displayName="ovs_incident_report_region_territory" parentSchemaName="territory" parentDisplayName="Region" solution="Active" />
        <Dependent type="60" displayName="Information" parentDisplayName="Incident Report" id="{ee604d8a-4a0b-48ff-af79-eef48d71f87f}" />
      </MissingDependency>
      <MissingDependency>
        <Required type="2" schemaName="ovs_incident_organizationid" displayName="Incident Organization" parentSchemaName="ovs_incident_organization" parentDisplayName="Incident Organization" solution="Active" />
        <Dependent type="26" schemaName="Incident Organization Roles" displayName="Incident Organization Roles" parentSchemaName="ovs_incident_organization" parentDisplayName="Incident Organization" id="{d103a530-2828-ef11-840b-6045bd61f005}" />
      </MissingDependency>
      <MissingDependency>
        <Required type="2" schemaName="ovs_name" displayName="Organization Name" parentSchemaName="ovs_incident_organization" parentDisplayName="Incident Organization" solution="Active" />
        <Dependent type="26" schemaName="Incident Organization Roles" displayName="Incident Organization Roles" parentSchemaName="ovs_incident_organization" parentDisplayName="Incident Organization" id="{d103a530-2828-ef11-840b-6045bd61f005}" />
      </MissingDependency>
      <MissingDependency>
        <Required type="2" schemaName="ovs_report_submitted_ind" displayName="Report Submitted" parentSchemaName="ovs_incident_organization" parentDisplayName="Incident Organization" solution="Active" />
        <Dependent type="26" schemaName="Incident Organization Roles" displayName="Incident Organization Roles" parentSchemaName="ovs_incident_organization" parentDisplayName="Incident Organization" id="{d103a530-2828-ef11-840b-6045bd61f005}" />
      </MissingDependency>
      <MissingDependency>
        <Required type="2" schemaName="ovs_responsible_report_ind" displayName="Responsible to Report" parentSchemaName="ovs_incident_organization" parentDisplayName="Incident Organization" solution="Active" />
        <Dependent type="26" schemaName="Incident Organization Roles" displayName="Incident Organization Roles" parentSchemaName="ovs_incident_organization" parentDisplayName="Incident Organization" id="{d103a530-2828-ef11-840b-6045bd61f005}" />
      </MissingDependency>
      <MissingDependency>
        <Required type="2" schemaName="ovs_role_of_the_organization_cd" displayName="Role of the Organization" parentSchemaName="ovs_incident_organization" parentDisplayName="Incident Organization" solution="Active" />
        <Dependent type="26" schemaName="Incident Organization Roles" displayName="Incident Organization Roles" parentSchemaName="ovs_incident_organization" parentDisplayName="Incident Organization" id="{d103a530-2828-ef11-840b-6045bd61f005}" />
      </MissingDependency>
      <MissingDependency>
        <Required type="2" schemaName="statecode" displayName="Status" parentSchemaName="ovs_incident_organization" parentDisplayName="Incident Organization" solution="Active" />
        <Dependent type="26" schemaName="Incident Organization Roles" displayName="Incident Organization Roles" parentSchemaName="ovs_incident_organization" parentDisplayName="Incident Organization" id="{d103a530-2828-ef11-840b-6045bd61f005}" />
      </MissingDependency>
      <MissingDependency>
        <Required type="2" schemaName="ovs_account_id" displayName="Filing Organization" parentSchemaName="ovs_incident_report" parentDisplayName="Incident Report" solution="Active" />
        <Dependent type="60" displayName="Information" parentDisplayName="Incident Report" id="{ee604d8a-4a0b-48ff-af79-eef48d71f87f}" />
      </MissingDependency>
      <MissingDependency>
        <Required type="2" schemaName="ovs_address_description_txt" displayName="Address Description" parentSchemaName="ovs_incident_report" parentDisplayName="Incident Report" solution="Active" />
        <Dependent type="60" displayName="Information" parentDisplayName="Incident Report" id="{ee604d8a-4a0b-48ff-af79-eef48d71f87f}" />
      </MissingDependency>
      <MissingDependency>
        <Required type="2" schemaName="ovs_address_not_determent_ind" displayName="Address is not determent" parentSchemaName="ovs_incident_report" parentDisplayName="Incident Report" solution="Active" />
        <Dependent type="60" displayName="Information" parentDisplayName="Incident Report" id="{ee604d8a-4a0b-48ff-af79-eef48d71f87f}" />
      </MissingDependency>
      <MissingDependency>
        <Required type="2" schemaName="ovs_address_type_cd" displayName="Input Address Type" parentSchemaName="ovs_incident_report" parentDisplayName="Incident Report" solution="Active" />
        <Dependent type="60" displayName="Information" parentDisplayName="Incident Report" id="{ee604d8a-4a0b-48ff-af79-eef48d71f87f}" />
      </MissingDependency>
      <MissingDependency>
        <Required type="2" schemaName="ovs_analyst_report_ind" displayName="Analyst Report" parentSchemaName="ovs_incident_report" parentDisplayName="Incident Report" solution="Active" />
        <Dependent type="60" displayName="Information" parentDisplayName="Incident Report" id="{ee604d8a-4a0b-48ff-af79-eef48d71f87f}" />
      </MissingDependency>
      <MissingDependency>
        <Required type="2" schemaName="ovs_canutec_reference_number_txt" displayName="CANUTEC Reference Number" parentSchemaName="ovs_incident_report" parentDisplayName="Incident Report" solution="Active" />
        <Dependent type="60" displayName="Information" parentDisplayName="Incident Report" id="{ee604d8a-4a0b-48ff-af79-eef48d71f87f}" />
      </MissingDependency>
      <MissingDependency>
        <Required type="2" schemaName="ovs_causes_cds" displayName="Causes" parentSchemaName="ovs_incident_report" parentDisplayName="Incident Report" solution="Active" />
        <Dependent type="60" displayName="Information" parentDisplayName="Incident Report" id="{ee604d8a-4a0b-48ff-af79-eef48d71f87f}" />
      </MissingDependency>
      <MissingDependency>
        <Required type="2" schemaName="ovs_city_txt" displayName="City" parentSchemaName="ovs_incident_report" parentDisplayName="Incident Report" solution="Active" />
        <Dependent type="60" displayName="Information" parentDisplayName="Incident Report" id="{ee604d8a-4a0b-48ff-af79-eef48d71f87f}" />
      </MissingDependency>
      <MissingDependency>
        <Required type="2" schemaName="ovs_closure_ind" displayName="Closure" parentSchemaName="ovs_incident_report" parentDisplayName="Incident Report" solution="Active" />
        <Dependent type="60" displayName="Information" parentDisplayName="Incident Report" id="{ee604d8a-4a0b-48ff-af79-eef48d71f87f}" />
      </MissingDependency>
      <MissingDependency>
        <Required type="2" schemaName="ovs_closure_type_cds" displayName="Closure Type" parentSchemaName="ovs_incident_report" parentDisplayName="Incident Report" solution="Active" />
        <Dependent type="60" displayName="Information" parentDisplayName="Incident Report" id="{ee604d8a-4a0b-48ff-af79-eef48d71f87f}" />
      </MissingDependency>
      <MissingDependency>
        <Required type="2" schemaName="ovs_closure_type_other_txt" displayName="Other Closure Type" parentSchemaName="ovs_incident_report" parentDisplayName="Incident Report" solution="Active" />
        <Dependent type="60" displayName="Information" parentDisplayName="Incident Report" id="{ee604d8a-4a0b-48ff-af79-eef48d71f87f}" />
      </MissingDependency>
      <MissingDependency>
        <Required type="2" schemaName="ovs_cost_of_damages_num" displayName="roperty and Infrastructure Damage Cost" parentSchemaName="ovs_incident_report" parentDisplayName="Incident Report" solution="Active" />
        <Dependent type="60" displayName="Information" parentDisplayName="Incident Report" id="{ee604d8a-4a0b-48ff-af79-eef48d71f87f}" />
      </MissingDependency>
      <MissingDependency>
        <Required type="2" schemaName="ovs_cost_of_dangerous_goods_num" displayName="Cost of Dangerous Goods" parentSchemaName="ovs_incident_report" parentDisplayName="Incident Report" solution="Active" />
        <Dependent type="60" displayName="Information" parentDisplayName="Incident Report" id="{ee604d8a-4a0b-48ff-af79-eef48d71f87f}" />
      </MissingDependency>
      <MissingDependency>
        <Required type="2" schemaName="ovs_cost_of_remediation_num" displayName="Cost of Remediation" parentSchemaName="ovs_incident_report" parentDisplayName="Incident Report" solution="Active" />
        <Dependent type="60" displayName="Information" parentDisplayName="Incident Report" id="{ee604d8a-4a0b-48ff-af79-eef48d71f87f}" />
      </MissingDependency>
      <MissingDependency>
        <Required type="2" schemaName="ovs_country_txt" displayName="Country" parentSchemaName="ovs_incident_report" parentDisplayName="Incident Report" solution="Active" />
        <Dependent type="60" displayName="Information" parentDisplayName="Incident Report" id="{ee604d8a-4a0b-48ff-af79-eef48d71f87f}" />
      </MissingDependency>
      <MissingDependency>
        <Required type="2" schemaName="ovs_dangerous_goods_cleanup_cost_num" displayName="Dangerous Goods Cleanup Cost" parentSchemaName="ovs_incident_report" parentDisplayName="Incident Report" solution="Active" />
        <Dependent type="60" displayName="Information" parentDisplayName="Incident Report" id="{ee604d8a-4a0b-48ff-af79-eef48d71f87f}" />
      </MissingDependency>
      <MissingDependency>
        <Required type="2" schemaName="ovs_date_canutec_dte" displayName="CANUTEC" parentSchemaName="ovs_incident_report" parentDisplayName="Incident Report" solution="Active" />
        <Dependent type="60" displayName="Information" parentDisplayName="Incident Report" id="{ee604d8a-4a0b-48ff-af79-eef48d71f87f}" />
      </MissingDependency>
      <MissingDependency>
        <Required type="2" schemaName="ovs_destination_txt" displayName="Destination" parentSchemaName="ovs_incident_report" parentDisplayName="Incident Report" solution="Active" />
        <Dependent type="60" displayName="Information" parentDisplayName="Incident Report" id="{ee604d8a-4a0b-48ff-af79-eef48d71f87f}" />
      </MissingDependency>
      <MissingDependency>
        <Required type="2" schemaName="ovs_duration_evacuation_nbr" displayName="Duration of the evacuation order (Hours)" parentSchemaName="ovs_incident_report" parentDisplayName="Incident Report" solution="Active" />
        <Dependent type="60" displayName="Information" parentDisplayName="Incident Report" id="{ee604d8a-4a0b-48ff-af79-eef48d71f87f}" />
      </MissingDependency>
      <MissingDependency>
        <Required type="2" schemaName="ovs_duration_num" displayName="Duration (Hours)" parentSchemaName="ovs_incident_report" parentDisplayName="Incident Report" solution="Active" />
        <Dependent type="60" displayName="Information" parentDisplayName="Incident Report" id="{ee604d8a-4a0b-48ff-af79-eef48d71f87f}" />
      </MissingDependency>
      <MissingDependency>
        <Required type="2" schemaName="ovs_duration_shelter_nbr" displayName="Duration of the Shelter in place order (Hours)" parentSchemaName="ovs_incident_report" parentDisplayName="Incident Report" solution="Active" />
        <Dependent type="60" displayName="Information" parentDisplayName="Incident Report" id="{ee604d8a-4a0b-48ff-af79-eef48d71f87f}" />
      </MissingDependency>
      <MissingDependency>
        <Required type="2" schemaName="ovs_emergency_response_personnel_cds" displayName="Emergency Response Personnel" parentSchemaName="ovs_incident_report" parentDisplayName="Incident Report" solution="Active" />
        <Dependent type="60" displayName="Information" parentDisplayName="Incident Report" id="{ee604d8a-4a0b-48ff-af79-eef48d71f87f}" />
      </MissingDependency>
      <MissingDependency>
        <Required type="2" schemaName="ovs_evacuation_count_num" displayName="Evacuation Count" parentSchemaName="ovs_incident_report" parentDisplayName="Incident Report" solution="Active" />
        <Dependent type="60" displayName="Information" parentDisplayName="Incident Report" id="{ee604d8a-4a0b-48ff-af79-eef48d71f87f}" />
      </MissingDependency>
      <MissingDependency>
        <Required type="2" schemaName="ovs_evacuation_due_incident_ind" displayName="Evacuation Due Incident" parentSchemaName="ovs_incident_report" parentDisplayName="Incident Report" solution="Active" />
        <Dependent type="60" displayName="Information" parentDisplayName="Incident Report" id="{ee604d8a-4a0b-48ff-af79-eef48d71f87f}" />
      </MissingDependency>
      <MissingDependency>
        <Required type="2" schemaName="ovs_evacuation_profile_cds" displayName="Evacuation Profile" parentSchemaName="ovs_incident_report" parentDisplayName="Incident Report" solution="Active" />
        <Dependent type="60" displayName="Information" parentDisplayName="Incident Report" id="{ee604d8a-4a0b-48ff-af79-eef48d71f87f}" />
      </MissingDependency>
      <MissingDependency>
        <Required type="2" schemaName="ovs_event_cleanup_costs_num" displayName="Event Cleanup Cost" parentSchemaName="ovs_incident_report" parentDisplayName="Incident Report" solution="Active" />
        <Dependent type="60" displayName="Information" parentDisplayName="Incident Report" id="{ee604d8a-4a0b-48ff-af79-eef48d71f87f}" />
      </MissingDependency>
      <MissingDependency>
        <Required type="2" schemaName="ovs_in_transit_ind" displayName="In Transit" parentSchemaName="ovs_incident_report" parentDisplayName="Incident Report" solution="Active" />
        <Dependent type="60" displayName="Information" parentDisplayName="Incident Report" id="{ee604d8a-4a0b-48ff-af79-eef48d71f87f}" />
      </MissingDependency>
      <MissingDependency>
        <Required type="2" schemaName="ovs_incident_id" displayName="Incident" parentSchemaName="ovs_incident_report" parentDisplayName="Incident Report" solution="Active" />
        <Dependent type="60" displayName="Information" parentDisplayName="Incident Report" id="{ee604d8a-4a0b-48ff-af79-eef48d71f87f}" />
      </MissingDependency>
      <MissingDependency>
        <Required type="2" schemaName="ovs_incident_severity_cd" displayName="Incident Severity" parentSchemaName="ovs_incident_report" parentDisplayName="Incident Report" solution="Active" />
        <Dependent type="60" displayName="Information" parentDisplayName="Incident Report" id="{ee604d8a-4a0b-48ff-af79-eef48d71f87f}" />
      </MissingDependency>
      <MissingDependency>
        <Required type="2" schemaName="ovs_initial_30day_follow_up_receipt_date_dte" displayName="Initial 30-Day Follow-Up Receipt Date" parentSchemaName="ovs_incident_report" parentDisplayName="Incident Report" solution="Active" />
        <Dependent type="60" displayName="Information" parentDisplayName="Incident Report" id="{ee604d8a-4a0b-48ff-af79-eef48d71f87f}" />
      </MissingDependency>
      <MissingDependency>
        <Required type="2" schemaName="ovs_latitude_num" displayName="Latitude" parentSchemaName="ovs_incident_report" parentDisplayName="Incident Report" solution="Active" />
        <Dependent type="60" displayName="Information" parentDisplayName="Incident Report" id="{ee604d8a-4a0b-48ff-af79-eef48d71f87f}" />
      </MissingDependency>
      <MissingDependency>
        <Required type="2" schemaName="ovs_longitude_num" displayName="Longitude" parentSchemaName="ovs_incident_report" parentDisplayName="Incident Report" solution="Active" />
        <Dependent type="60" displayName="Information" parentDisplayName="Incident Report" id="{ee604d8a-4a0b-48ff-af79-eef48d71f87f}" />
      </MissingDependency>
      <MissingDependency>
        <Required type="2" schemaName="ovs_mode_cd" displayName="Mode" parentSchemaName="ovs_incident_report" parentDisplayName="Incident Report" solution="Active" />
        <Dependent type="60" displayName="Information" parentDisplayName="Incident Report" id="{ee604d8a-4a0b-48ff-af79-eef48d71f87f}" />
      </MissingDependency>
      <MissingDependency>
        <Required type="2" schemaName="ovs_name" displayName="Name" parentSchemaName="ovs_incident_report" parentDisplayName="Incident Report" solution="Active" />
        <Dependent type="60" displayName="Information" parentDisplayName="Incident Report" id="{ee604d8a-4a0b-48ff-af79-eef48d71f87f}" />
      </MissingDependency>
      <MissingDependency>
        <Required type="2" schemaName="ovs_number_of_sheltered_num" displayName="Number of people​ who sheltered in place" parentSchemaName="ovs_incident_report" parentDisplayName="Incident Report" solution="Active" />
        <Dependent type="60" displayName="Information" parentDisplayName="Incident Report" id="{ee604d8a-4a0b-48ff-af79-eef48d71f87f}" />
      </MissingDependency>
      <MissingDependency>
        <Required type="2" schemaName="ovs_origin_txt" displayName="Origin" parentSchemaName="ovs_incident_report" parentDisplayName="Incident Report" solution="Active" />
        <Dependent type="60" displayName="Information" parentDisplayName="Incident Report" id="{ee604d8a-4a0b-48ff-af79-eef48d71f87f}" />
      </MissingDependency>
      <MissingDependency>
        <Required type="2" schemaName="ovs_other_costs_num" displayName="Other Costs" parentSchemaName="ovs_incident_report" parentDisplayName="Incident Report" solution="Active" />
        <Dependent type="60" displayName="Information" parentDisplayName="Incident Report" id="{ee604d8a-4a0b-48ff-af79-eef48d71f87f}" />
      </MissingDependency>
      <MissingDependency>
        <Required type="2" schemaName="ovs_other_emergency_response_personnel_txt" displayName="Other Emergency Response Personnel" parentSchemaName="ovs_incident_report" parentDisplayName="Incident Report" solution="Active" />
        <Dependent type="60" displayName="Information" parentDisplayName="Incident Report" id="{ee604d8a-4a0b-48ff-af79-eef48d71f87f}" />
      </MissingDependency>
      <MissingDependency>
        <Required type="2" schemaName="ovs_other_source_txt" displayName="Other Source" parentSchemaName="ovs_incident_report" parentDisplayName="Incident Report" solution="Active" />
        <Dependent type="60" displayName="Information" parentDisplayName="Incident Report" id="{ee604d8a-4a0b-48ff-af79-eef48d71f87f}" />
      </MissingDependency>
      <MissingDependency>
        <Required type="2" schemaName="ovs_primary_report_ind" displayName="Primary Report" parentSchemaName="ovs_incident_report" parentDisplayName="Incident Report" solution="Active" />
        <Dependent type="60" displayName="Information" parentDisplayName="Incident Report" id="{ee604d8a-4a0b-48ff-af79-eef48d71f87f}" />
      </MissingDependency>
      <MissingDependency>
        <Required type="2" schemaName="ovs_quarter_lsd_cd" displayName="Quarter / LSD" parentSchemaName="ovs_incident_report" parentDisplayName="Incident Report" solution="Active" />
        <Dependent type="60" displayName="Information" parentDisplayName="Incident Report" id="{ee604d8a-4a0b-48ff-af79-eef48d71f87f}" />
      </MissingDependency>
      <MissingDependency>
        <Required type="2" schemaName="ovs_range_cd" displayName="Range" parentSchemaName="ovs_incident_report" parentDisplayName="Incident Report" solution="Active" />
        <Dependent type="60" displayName="Information" parentDisplayName="Incident Report" id="{ee604d8a-4a0b-48ff-af79-eef48d71f87f}" />
      </MissingDependency>
      <MissingDependency>
        <Required type="2" schemaName="ovs_region_id" displayName="Region" parentSchemaName="ovs_incident_report" parentDisplayName="Incident Report" solution="Active" />
        <Dependent type="60" displayName="Information" parentDisplayName="Incident Report" id="{ee604d8a-4a0b-48ff-af79-eef48d71f87f}" />
      </MissingDependency>
      <MissingDependency>
        <Required type="2" schemaName="ovs_release_type_cds" displayName="Release Type" parentSchemaName="ovs_incident_report" parentDisplayName="Incident Report" solution="Active" />
        <Dependent type="60" displayName="Information" parentDisplayName="Incident Report" id="{ee604d8a-4a0b-48ff-af79-eef48d71f87f}" />
      </MissingDependency>
      <MissingDependency>
        <Required type="2" schemaName="ovs_release_type_other_txt" displayName="Release Type Other" parentSchemaName="ovs_incident_report" parentDisplayName="Incident Report" solution="Active" />
        <Dependent type="60" displayName="Information" parentDisplayName="Incident Report" id="{ee604d8a-4a0b-48ff-af79-eef48d71f87f}" />
      </MissingDependency>
      <MissingDependency>
        <Required type="2" schemaName="ovs_section_cd" displayName="Section" parentSchemaName="ovs_incident_report" parentDisplayName="Incident Report" solution="Active" />
        <Dependent type="60" displayName="Information" parentDisplayName="Incident Report" id="{ee604d8a-4a0b-48ff-af79-eef48d71f87f}" />
      </MissingDependency>
      <MissingDependency>
        <Required type="2" schemaName="ovs_shelter_in_place_ind" displayName="Did the incident result in a Shelter in Place order?" parentSchemaName="ovs_incident_report" parentDisplayName="Incident Report" solution="Active" />
        <Dependent type="60" displayName="Information" parentDisplayName="Incident Report" id="{ee604d8a-4a0b-48ff-af79-eef48d71f87f}" />
      </MissingDependency>
      <MissingDependency>
        <Required type="2" schemaName="ovs_site_id" displayName="Site" parentSchemaName="ovs_incident_report" parentDisplayName="Incident Report" solution="Active" />
        <Dependent type="60" displayName="Information" parentDisplayName="Incident Report" id="{ee604d8a-4a0b-48ff-af79-eef48d71f87f}" />
      </MissingDependency>
      <MissingDependency>
        <Required type="2" schemaName="ovs_source_cd" displayName="Source" parentSchemaName="ovs_incident_report" parentDisplayName="Incident Report" solution="Active" />
        <Dependent type="60" displayName="Information" parentDisplayName="Incident Report" id="{ee604d8a-4a0b-48ff-af79-eef48d71f87f}" />
      </MissingDependency>
      <MissingDependency>
        <Required type="2" schemaName="ovs_state_province_txt" displayName="State/Province​/Territory" parentSchemaName="ovs_incident_report" parentDisplayName="Incident Report" solution="Active" />
        <Dependent type="60" displayName="Information" parentDisplayName="Incident Report" id="{ee604d8a-4a0b-48ff-af79-eef48d71f87f}" />
      </MissingDependency>
      <MissingDependency>
        <Required type="2" schemaName="ovs_street1_txt" displayName="Street 1" parentSchemaName="ovs_incident_report" parentDisplayName="Incident Report" solution="Active" />
        <Dependent type="60" displayName="Information" parentDisplayName="Incident Report" id="{ee604d8a-4a0b-48ff-af79-eef48d71f87f}" />
      </MissingDependency>
      <MissingDependency>
        <Required type="2" schemaName="ovs_street2_txt" displayName="Street 2" parentSchemaName="ovs_incident_report" parentDisplayName="Incident Report" solution="Active" />
        <Dependent type="60" displayName="Information" parentDisplayName="Incident Report" id="{ee604d8a-4a0b-48ff-af79-eef48d71f87f}" />
      </MissingDependency>
      <MissingDependency>
        <Required type="2" schemaName="ovs_street3_txt" displayName="Street 3" parentSchemaName="ovs_incident_report" parentDisplayName="Incident Report" solution="Active" />
        <Dependent type="60" displayName="Information" parentDisplayName="Incident Report" id="{ee604d8a-4a0b-48ff-af79-eef48d71f87f}" />
      </MissingDependency>
      <MissingDependency>
        <Required type="2" schemaName="ovs_summary_txt" displayName="Incident Summary" parentSchemaName="ovs_incident_report" parentDisplayName="Incident Report" solution="Active" />
        <Dependent type="60" displayName="Information" parentDisplayName="Incident Report" id="{ee604d8a-4a0b-48ff-af79-eef48d71f87f}" />
      </MissingDependency>
      <MissingDependency>
        <Required type="2" schemaName="ovs_total_cost_num" displayName="Total Cost" parentSchemaName="ovs_incident_report" parentDisplayName="Incident Report" solution="Active" />
        <Dependent type="60" displayName="Information" parentDisplayName="Incident Report" id="{ee604d8a-4a0b-48ff-af79-eef48d71f87f}" />
      </MissingDependency>
      <MissingDependency>
        <Required type="2" schemaName="ovs_township_cd" displayName="Township" parentSchemaName="ovs_incident_report" parentDisplayName="Incident Report" solution="Active" />
        <Dependent type="60" displayName="Information" parentDisplayName="Incident Report" id="{ee604d8a-4a0b-48ff-af79-eef48d71f87f}" />
      </MissingDependency>
      <MissingDependency>
        <Required type="2" schemaName="ovs_zip_postalcode_txt" displayName="ZIP/Postal Code" parentSchemaName="ovs_incident_report" parentDisplayName="Incident Report" solution="Active" />
        <Dependent type="60" displayName="Information" parentDisplayName="Incident Report" id="{ee604d8a-4a0b-48ff-af79-eef48d71f87f}" />
      </MissingDependency>
      <MissingDependency>
        <Required type="2" schemaName="ownerid" displayName="Owner" parentSchemaName="ovs_incident_report" parentDisplayName="Incident Report" solution="Active" />
        <Dependent type="60" displayName="Information" parentDisplayName="Incident Report" id="{ee604d8a-4a0b-48ff-af79-eef48d71f87f}" />
      </MissingDependency>
      <MissingDependency>
        <Required type="2" schemaName="ovs_erap_implemented_ind" displayName="ERAP Implemented" parentSchemaName="ovs_moc_dangerousgood" parentDisplayName="MOC Dangerous Good" solution="Active" />
        <Dependent type="26" schemaName="Active MOC Dangerous Goods" displayName="Active MOC Dangerous Goods" parentSchemaName="ovs_moc_dangerousgood" parentDisplayName="MOC Dangerous Good" id="{9739acd7-5f54-4e1d-9702-812c32550ba5}" />
      </MissingDependency>
      <MissingDependency>
        <Required type="2" schemaName="ovs_erap_number_txt" displayName="ERAP Number" parentSchemaName="ovs_moc_dangerousgood" parentDisplayName="MOC Dangerous Good" solution="Active" />
        <Dependent type="26" schemaName="Active MOC Dangerous Goods" displayName="Active MOC Dangerous Goods" parentSchemaName="ovs_moc_dangerousgood" parentDisplayName="MOC Dangerous Good" id="{9739acd7-5f54-4e1d-9702-812c32550ba5}" />
      </MissingDependency>
      <MissingDependency>
        <Required type="2" schemaName="ovs_moc_dangerousgoodid" displayName="MOC Dangerous Good" parentSchemaName="ovs_moc_dangerousgood" parentDisplayName="MOC Dangerous Good" solution="Active" />
        <Dependent type="26" schemaName="Active MOC Dangerous Goods" displayName="Active MOC Dangerous Goods" parentSchemaName="ovs_moc_dangerousgood" parentDisplayName="MOC Dangerous Good" id="{9739acd7-5f54-4e1d-9702-812c32550ba5}" />
      </MissingDependency>
      <MissingDependency>
        <Required type="2" schemaName="ovs_pg_unknown_ind" displayName="Packing Group Unknown" parentSchemaName="ovs_moc_dangerousgood" parentDisplayName="MOC Dangerous Good" solution="Active" />
        <Dependent type="26" schemaName="Active MOC Dangerous Goods" displayName="Active MOC Dangerous Goods" parentSchemaName="ovs_moc_dangerousgood" parentDisplayName="MOC Dangerous Good" id="{9739acd7-5f54-4e1d-9702-812c32550ba5}" />
      </MissingDependency>
      <MissingDependency>
        <Required type="2" schemaName="ovs_released_quantity_num" displayName="Released Quantity" parentSchemaName="ovs_moc_dangerousgood" parentDisplayName="MOC Dangerous Good" solution="Active" />
        <Dependent type="26" schemaName="Active MOC Dangerous Goods" displayName="Active MOC Dangerous Goods" parentSchemaName="ovs_moc_dangerousgood" parentDisplayName="MOC Dangerous Good" id="{9739acd7-5f54-4e1d-9702-812c32550ba5}" />
      </MissingDependency>
      <MissingDependency>
        <Required type="2" schemaName="ovs_transported_quantity_num" displayName="Transported Quantity" parentSchemaName="ovs_moc_dangerousgood" parentDisplayName="MOC Dangerous Good" solution="Active" />
        <Dependent type="26" schemaName="Active MOC Dangerous Goods" displayName="Active MOC Dangerous Goods" parentSchemaName="ovs_moc_dangerousgood" parentDisplayName="MOC Dangerous Good" id="{9739acd7-5f54-4e1d-9702-812c32550ba5}" />
      </MissingDependency>
      <MissingDependency>
        <Required type="2" schemaName="ovs_un_number_id" displayName="UN Number" parentSchemaName="ovs_moc_dangerousgood" parentDisplayName="MOC Dangerous Good" solution="Active" />
        <Dependent type="26" schemaName="Active MOC Dangerous Goods" displayName="Active MOC Dangerous Goods" parentSchemaName="ovs_moc_dangerousgood" parentDisplayName="MOC Dangerous Good" id="{9739acd7-5f54-4e1d-9702-812c32550ba5}" />
      </MissingDependency>
      <MissingDependency>
        <Required type="2" schemaName="ovs_units_released_cd" displayName="Released Quantity Unit" parentSchemaName="ovs_moc_dangerousgood" parentDisplayName="MOC Dangerous Good" solution="Active" />
        <Dependent type="26" schemaName="Active MOC Dangerous Goods" displayName="Active MOC Dangerous Goods" parentSchemaName="ovs_moc_dangerousgood" parentDisplayName="MOC Dangerous Good" id="{9739acd7-5f54-4e1d-9702-812c32550ba5}" />
      </MissingDependency>
      <MissingDependency>
        <Required type="2" schemaName="ovs_units_transported_cd" displayName="Transported Quantity Unit " parentSchemaName="ovs_moc_dangerousgood" parentDisplayName="MOC Dangerous Good" solution="Active" />
        <Dependent type="26" schemaName="Active MOC Dangerous Goods" displayName="Active MOC Dangerous Goods" parentSchemaName="ovs_moc_dangerousgood" parentDisplayName="MOC Dangerous Good" id="{9739acd7-5f54-4e1d-9702-812c32550ba5}" />
      </MissingDependency>
      <MissingDependency>
        <Required type="2" schemaName="statecode" displayName="Status" parentSchemaName="ovs_moc_dangerousgood" parentDisplayName="MOC Dangerous Good" solution="Active" />
        <Dependent type="26" schemaName="Active MOC Dangerous Goods" displayName="Active MOC Dangerous Goods" parentSchemaName="ovs_moc_dangerousgood" parentDisplayName="MOC Dangerous Good" id="{9739acd7-5f54-4e1d-9702-812c32550ba5}" />
      </MissingDependency>
      <MissingDependency>
        <Required type="2" schemaName="ovs_contact_id" displayName="Contact" parentSchemaName="ovs_organization_contact" parentDisplayName="Organization Contact" solution="Active" />
        <Dependent type="60" displayName="Information" parentDisplayName="Organization Contact" id="{e2de43fd-ff25-4d4a-b0b6-6d9a743dfc92}" />
      </MissingDependency>
      <MissingDependency>
        <Required type="2" schemaName="ovs_email_address_business_txt" displayName="Business Email" parentSchemaName="ovs_organization_contact" parentDisplayName="Organization Contact" solution="Active" />
        <Dependent type="60" displayName="Information" parentDisplayName="Organization Contact" id="{e2de43fd-ff25-4d4a-b0b6-6d9a743dfc92}" />
      </MissingDependency>
      <MissingDependency>
        <Required type="2" schemaName="ovs_invitation_accepted_ind" displayName="Invitation Accepted" parentSchemaName="ovs_organization_contact" parentDisplayName="Organization Contact" solution="Active" />
        <Dependent type="60" displayName="Information" parentDisplayName="Organization Contact" id="{e2de43fd-ff25-4d4a-b0b6-6d9a743dfc92}" />
      </MissingDependency>
      <MissingDependency>
        <Required type="2" schemaName="ovs_job_title_nm" displayName="Job Title" parentSchemaName="ovs_organization_contact" parentDisplayName="Organization Contact" solution="Active" />
        <Dependent type="60" displayName="Information" parentDisplayName="Organization Contact" id="{e2de43fd-ff25-4d4a-b0b6-6d9a743dfc92}" />
      </MissingDependency>
      <MissingDependency>
        <Required type="2" schemaName="ovs_name" displayName="Name" parentSchemaName="ovs_organization_contact" parentDisplayName="Organization Contact" solution="Active" />
        <Dependent type="60" displayName="Information" parentDisplayName="Organization Contact" id="{e2de43fd-ff25-4d4a-b0b6-6d9a743dfc92}" />
      </MissingDependency>
      <MissingDependency>
        <Required type="2" schemaName="ovs_organization_id" displayName="Organization" parentSchemaName="ovs_organization_contact" parentDisplayName="Organization Contact" solution="Active" />
        <Dependent type="60" displayName="Information" parentDisplayName="Organization Contact" id="{e2de43fd-ff25-4d4a-b0b6-6d9a743dfc92}" />
      </MissingDependency>
      <MissingDependency>
        <Required type="2" schemaName="ovs_phonenumber_business_num" displayName="Business Phone Number" parentSchemaName="ovs_organization_contact" parentDisplayName="Organization Contact" solution="Active" />
        <Dependent type="60" displayName="Information" parentDisplayName="Organization Contact" id="{e2de43fd-ff25-4d4a-b0b6-6d9a743dfc92}" />
      </MissingDependency>
      <MissingDependency>
        <Required type="2" schemaName="ovs_phonenumber_mobile_num" displayName="Mobile Phone Number" parentSchemaName="ovs_organization_contact" parentDisplayName="Organization Contact" solution="Active" />
        <Dependent type="60" displayName="Information" parentDisplayName="Organization Contact" id="{e2de43fd-ff25-4d4a-b0b6-6d9a743dfc92}" />
      </MissingDependency>
      <MissingDependency>
        <Required type="2" schemaName="ovs_role_id" displayName="Role" parentSchemaName="ovs_organization_contact" parentDisplayName="Organization Contact" solution="Active" />
        <Dependent type="60" displayName="Information" parentDisplayName="Organization Contact" id="{e2de43fd-ff25-4d4a-b0b6-6d9a743dfc92}" />
      </MissingDependency>
      <MissingDependency>
        <Required type="2" schemaName="ownerid" displayName="Owner" parentSchemaName="ovs_organization_contact" parentDisplayName="Organization Contact" solution="Active" />
        <Dependent type="60" displayName="Information" parentDisplayName="Organization Contact" id="{e2de43fd-ff25-4d4a-b0b6-6d9a743dfc92}" />
      </MissingDependency>
      <MissingDependency>
        <Required type="20" displayName="Incident Analyst" solution="Active" id="{dcd94023-b82c-ef11-8e50-000d3a0c4626}" />
        <Dependent type="80" schemaName="ovs_TDGIncidentsIncidentsTMD" displayName="TDG Incidents / Incidents TMD" />
      </MissingDependency>
      <MissingDependency>
        <Required type="26" schemaName="CID Portal - Validation - Sites" displayName="CID Portal - Validation - Sites" parentSchemaName="account" parentDisplayName="Account" solution="Active" id="{048f4d4f-c892-ec11-b3fe-000d3a0c187c}" />
        <Dependent type="60" displayName="Information" parentDisplayName="Incident Report" id="{ee604d8a-4a0b-48ff-af79-eef48d71f87f}" />
      </MissingDependency>
      <MissingDependency>
        <Required type="26" schemaName="Incident Active MOCS" displayName="Incident Active MOCS" parentSchemaName="ovs_moc" parentDisplayName="MOC" solution="Active" id="{075f5160-a434-ef11-8e4e-000d3af34b22}" />
        <Dependent type="60" displayName="Information" parentDisplayName="Incident Report" id="{ee604d8a-4a0b-48ff-af79-eef48d71f87f}" />
      </MissingDependency>
      <MissingDependency>
        <Required type="26" schemaName="All Contacts" displayName="All Contacts" parentSchemaName="contact" parentDisplayName="Contact" solution="msdynce_AppCommon (9.0.4.0066)" id="{0d5d377b-5e7c-47b5-bab1-a5cb8b4ac105}">
          <package>msdynce_AppCommonAnchor (9.0.24102.10001)</package>
        </Required>
        <Dependent type="80" schemaName="ovs_TDGIncidentsIncidentsTMD" displayName="TDG Incidents / Incidents TMD" />
      </MissingDependency>
      <MissingDependency>
        <Required type="26" schemaName="Service Account" displayName="Service Account" parentSchemaName="account" parentDisplayName="Account" solution="FieldService (8.8.0.88)" id="{0f928982-20d3-e811-815b-000d3afd1036}">
          <package>FieldService_Anchor (8.8.126.9)</package>
        </Required>
        <Dependent type="60" displayName="Information" parentDisplayName="Incident Report" id="{ee604d8a-4a0b-48ff-af79-eef48d71f87f}" />
      </MissingDependency>
      <MissingDependency>
        <Required type="26" schemaName="CID Portal - In year Company Sites" displayName="CID Portal - In year Company Sites" parentSchemaName="account" parentDisplayName="Account" solution="Active" id="{153aa606-2043-ed11-bba3-0022483d0343}" />
        <Dependent type="60" displayName="Information" parentDisplayName="Incident Report" id="{ee604d8a-4a0b-48ff-af79-eef48d71f87f}" />
      </MissingDependency>
      <MissingDependency>
        <Required type="26" schemaName="Active MOCS" displayName="Active MOCS" parentSchemaName="ovs_moc" parentDisplayName="MOC" solution="Active" id="{16c7fdca-c2ea-4bf8-af28-49824c5a829d}" />
        <Dependent type="60" displayName="Information" parentDisplayName="Incident Report" id="{ee604d8a-4a0b-48ff-af79-eef48d71f87f}" />
      </MissingDependency>
      <MissingDependency>
        <Required type="26" schemaName="Support Request Advanced Find View" displayName="Support Request Advanced Find View" parentSchemaName="ovs_supportrequest" parentDisplayName="Support Request" solution="Active" id="{1dc074b9-e8e4-470c-9a17-ff58d823a630}" />
        <Dependent type="80" schemaName="ovs_TDGIncidentsIncidentsTMD" displayName="TDG Incidents / Incidents TMD" />
      </MissingDependency>
      <MissingDependency>
        <Required type="26" schemaName="Active Incident Organizations" displayName="Active Incident Organizations" parentSchemaName="ovs_incident_organization" parentDisplayName="Incident Organization" solution="Active" id="{20ed5633-c649-4bc6-8bc2-88884d52fd3b}" />
        <Dependent type="60" displayName="Information" parentDisplayName="Incident Report" id="{ee604d8a-4a0b-48ff-af79-eef48d71f87f}" />
      </MissingDependency>
      <MissingDependency>
        <Required type="26" schemaName="All Associated Sites" displayName="All Associated Sites" parentSchemaName="account" parentDisplayName="Account" solution="Active" id="{2225cdfb-321f-ee11-9966-0022483d0343}" />
        <Dependent type="60" displayName="Information" parentDisplayName="Incident Report" id="{ee604d8a-4a0b-48ff-af79-eef48d71f87f}" />
      </MissingDependency>
      <MissingDependency>
        <Required type="26" schemaName="My Region's Inactive Sites" displayName="My Region's Inactive Sites" parentSchemaName="account" parentDisplayName="Account" solution="Active" id="{2253be98-5ad4-eb11-bacc-000d3af38cd4}" />
        <Dependent type="60" displayName="Information" parentDisplayName="Incident Report" id="{ee604d8a-4a0b-48ff-af79-eef48d71f87f}" />
      </MissingDependency>
      <MissingDependency>
        <Required type="26" schemaName="CID - Parent Organizations (ROM &amp; CID)" displayName="CID - Parent Organizations (ROM &amp; CID)" parentSchemaName="account" parentDisplayName="Account" solution="Active" id="{27025ebd-1817-ed11-b83f-000d3a84cfdd}" />
        <Dependent type="60" displayName="Information" parentDisplayName="Incident Report" id="{ee604d8a-4a0b-48ff-af79-eef48d71f87f}" />
      </MissingDependency>
      <MissingDependency>
        <Required type="26" schemaName="CID Account Associated View" displayName="CID Account Associated View" parentSchemaName="account" parentDisplayName="Account" solution="Active" id="{28d5ab71-642a-ee11-bdf4-0022483d0c87}" />
        <Dependent type="60" displayName="Information" parentDisplayName="Incident Report" id="{ee604d8a-4a0b-48ff-af79-eef48d71f87f}" />
      </MissingDependency>
      <MissingDependency>
        <Required type="26" schemaName="Inactive Invitations" displayName="Inactive Invitations" parentSchemaName="ovs_invitation" parentDisplayName="Invitation" solution="Active" id="{301e7af2-7676-4e90-90dd-100be894a4b7}" />
        <Dependent type="80" schemaName="ovs_TDGIncidentsIncidentsTMD" displayName="TDG Incidents / Incidents TMD" />
      </MissingDependency>
      <MissingDependency>
        <Required type="26" schemaName="CRS Active Accounts" displayName="CRS Active Accounts" parentSchemaName="account" parentDisplayName="Account" solution="Active" id="{37150390-5002-ef11-9f89-002248b0d3d6}" />
        <Dependent type="60" displayName="Information" parentDisplayName="Incident Report" id="{ee604d8a-4a0b-48ff-af79-eef48d71f87f}" />
      </MissingDependency>
      <MissingDependency>
        <Required type="26" schemaName="CID Portal - Validation - Unclaimed Sites" displayName="CID Portal - Validation - Unclaimed Sites" parentSchemaName="account" parentDisplayName="Account" solution="Active" id="{3fffabcb-74c0-ec11-983e-0022483db9d8}" />
        <Dependent type="60" displayName="Information" parentDisplayName="Incident Report" id="{ee604d8a-4a0b-48ff-af79-eef48d71f87f}" />
      </MissingDependency>
      <MissingDependency>
        <Required type="26" schemaName="DGAIS Active Invitations" displayName="DGAIS Active Invitations" parentSchemaName="ovs_invitation" parentDisplayName="Invitation" solution="Active" id="{400d5f47-3e4f-ef11-accd-0022483bb3a9}" />
        <Dependent type="80" schemaName="ovs_TDGIncidentsIncidentsTMD" displayName="TDG Incidents / Incidents TMD" />
      </MissingDependency>
      <MissingDependency>
        <Required type="26" schemaName="CID Portal - OData - Parent Companies" displayName="CID Portal - OData - Parent Companies" parentSchemaName="account" parentDisplayName="Account" solution="Active" id="{40662d0e-d694-ec11-b3fe-000d3a0c829e}" />
        <Dependent type="60" displayName="Information" parentDisplayName="Incident Report" id="{ee604d8a-4a0b-48ff-af79-eef48d71f87f}" />
      </MissingDependency>
      <MissingDependency>
        <Required type="26" schemaName="Account Lookup View - Site" displayName="Account Lookup View - Site" parentSchemaName="account" parentDisplayName="Account" solution="Active" id="{4296ff9a-5870-ef11-a671-0022483bb3a9}" />
        <Dependent type="60" displayName="Information" parentDisplayName="Incident Report" id="{ee604d8a-4a0b-48ff-af79-eef48d71f87f}" />
      </MissingDependency>
      <MissingDependency>
        <Required type="26" schemaName="My Active Accounts by Relationship" displayName="My Active Accounts by Relationship" parentSchemaName="account" parentDisplayName="Account" solution="RelationshipAnalytics (9.0.24102.10002)" id="{4bfea08c-9a4d-e611-80fc-0024e84720c6}">
          <package>msdynce_SalesInsightsAnchor (9.0.24102.10004)</package>
        </Required>
        <Dependent type="60" displayName="Information" parentDisplayName="Incident Report" id="{ee604d8a-4a0b-48ff-af79-eef48d71f87f}" />
      </MissingDependency>
      <MissingDependency>
        <Required type="26" schemaName="Invitation Associated View" displayName="Invitation Associated View" parentSchemaName="ovs_invitation" parentDisplayName="Invitation" solution="Active" id="{4cd8a034-b1e4-4225-9637-808f143a1bb7}" />
        <Dependent type="80" schemaName="ovs_TDGIncidentsIncidentsTMD" displayName="TDG Incidents / Incidents TMD" />
      </MissingDependency>
      <MissingDependency>
        <Required type="26" schemaName="Transportation of Dangerous Goods" displayName="Transportation of Dangerous Goods" parentSchemaName="account" parentDisplayName="Account" solution="Active" id="{57962920-5929-eb11-a813-000d3af3a7a7}" />
        <Dependent type="60" displayName="Information" parentDisplayName="Incident Report" id="{ee604d8a-4a0b-48ff-af79-eef48d71f87f}" />
      </MissingDependency>
      <MissingDependency>
        <Required type="26" schemaName="Accounts I Follow" displayName="Accounts I Follow" parentSchemaName="account" parentDisplayName="Account" solution="Active" id="{61273827-328e-e011-95ae-00155d9cfa02}" />
        <Dependent type="60" displayName="Information" parentDisplayName="Incident Report" id="{ee604d8a-4a0b-48ff-af79-eef48d71f87f}" />
      </MissingDependency>
      <MissingDependency>
        <Required type="26" schemaName="Accounts Being Followed" displayName="Accounts Being Followed" parentSchemaName="account" parentDisplayName="Account" solution="Active" id="{61273827-328e-e011-95ae-00155d9cfa03}" />
        <Dependent type="60" displayName="Information" parentDisplayName="Incident Report" id="{ee604d8a-4a0b-48ff-af79-eef48d71f87f}" />
      </MissingDependency>
      <MissingDependency>
        <Required type="26" schemaName="All Sites" displayName="All Sites" parentSchemaName="account" parentDisplayName="Account" solution="Active" id="{631f1f30-1bff-ed11-8f6d-0022483d0343}" />
        <Dependent type="60" displayName="Information" parentDisplayName="Incident Report" id="{ee604d8a-4a0b-48ff-af79-eef48d71f87f}" />
      </MissingDependency>
      <MissingDependency>
        <Required type="26" schemaName="All Sites" displayName="All Sites" parentSchemaName="account" parentDisplayName="Account" solution="Active" id="{631f1f30-1bff-ed11-8f6d-0022483d0343}" />
        <Dependent type="80" schemaName="ovs_TDGIncidentsIncidentsTMD" displayName="TDG Incidents / Incidents TMD" />
      </MissingDependency>
      <MissingDependency>
        <Required type="26" schemaName="All Accounts" displayName="All Accounts" parentSchemaName="account" parentDisplayName="Account" solution="msdynce_AppCommon (9.0.4.0066)" id="{65ffaf9a-e8c5-432d-860b-32f841b00d87}">
          <package>msdynce_AppCommonAnchor (9.0.24102.10001)</package>
        </Required>
        <Dependent type="60" displayName="Information" parentDisplayName="Incident Report" id="{ee604d8a-4a0b-48ff-af79-eef48d71f87f}" />
      </MissingDependency>
      <MissingDependency>
        <Required type="26" schemaName="Quick Find Active Support Requests" displayName="Quick Find Active Support Requests" parentSchemaName="ovs_supportrequest" parentDisplayName="Support Request" solution="Active" id="{6a94cfdf-2549-4143-91aa-a68ac73b4ab5}" />
        <Dependent type="80" schemaName="ovs_TDGIncidentsIncidentsTMD" displayName="TDG Incidents / Incidents TMD" />
      </MissingDependency>
      <MissingDependency>
        <Required type="26" schemaName="Incident Injuries grids" displayName="Incident Injuries grids" parentSchemaName="ovs_incident_injury" parentDisplayName="Incident Injury" solution="Active" id="{6d78bc9f-c028-ef11-840b-6045bd614ecd}" />
        <Dependent type="60" displayName="Information" parentDisplayName="Incident Report" id="{ee604d8a-4a0b-48ff-af79-eef48d71f87f}" />
      </MissingDependency>
      <MissingDependency>
        <Required type="26" schemaName="CID - Not Claim Sites" displayName="CID - Not Claim Sites" parentSchemaName="account" parentDisplayName="Account" solution="Active" id="{6e812d65-8725-ec11-b6e6-0022483cb5cd}" />
        <Dependent type="60" displayName="Information" parentDisplayName="Incident Report" id="{ee604d8a-4a0b-48ff-af79-eef48d71f87f}" />
      </MissingDependency>
      <MissingDependency>
        <Required type="26" schemaName="Account Lookup View - Organizations" displayName="Account Lookup View - Organizations" parentSchemaName="account" parentDisplayName="Account" solution="Active" id="{71537ab2-06cd-ee11-9079-0022483cceb8}" />
        <Dependent type="60" displayName="Information" parentDisplayName="Incident Report" id="{ee604d8a-4a0b-48ff-af79-eef48d71f87f}" />
      </MissingDependency>
      <MissingDependency>
        <Required type="26" schemaName="Support Request Associated View" displayName="Support Request Associated View" parentSchemaName="ovs_supportrequest" parentDisplayName="Support Request" solution="Active" id="{716d0412-9552-4b98-b77d-d37df4f62a6c}" />
        <Dependent type="80" schemaName="ovs_TDGIncidentsIncidentsTMD" displayName="TDG Incidents / Incidents TMD" />
      </MissingDependency>
      <MissingDependency>
        <Required type="26" schemaName="All Organizations" displayName="All Organizations" parentSchemaName="account" parentDisplayName="Account" solution="Active" id="{74bbeebe-f9fe-ed11-8f6d-0022483e130e}" />
        <Dependent type="60" displayName="Information" parentDisplayName="Incident Report" id="{ee604d8a-4a0b-48ff-af79-eef48d71f87f}" />
      </MissingDependency>
      <MissingDependency>
        <Required type="26" schemaName="All Organizations" displayName="All Organizations" parentSchemaName="account" parentDisplayName="Account" solution="Active" id="{74bbeebe-f9fe-ed11-8f6d-0022483e130e}" />
        <Dependent type="80" schemaName="ovs_TDGIncidentsIncidentsTMD" displayName="TDG Incidents / Incidents TMD" />
      </MissingDependency>
      <MissingDependency>
        <Required type="26" schemaName="Site Lookup View" displayName="Site Lookup View" parentSchemaName="account" parentDisplayName="Account" solution="Active" id="{7b62c6ee-865b-eb11-a812-000d3a84db40}" />
        <Dependent type="60" displayName="Information" parentDisplayName="Incident Report" id="{ee604d8a-4a0b-48ff-af79-eef48d71f87f}" />
      </MissingDependency>
      <MissingDependency>
        <Required type="26" schemaName="Sites" displayName="Sites" parentSchemaName="account" parentDisplayName="Account" solution="Active" id="{7c363e5f-5bd4-eb11-bacc-000d3af3999c}" />
        <Dependent type="60" displayName="Information" parentDisplayName="Incident Report" id="{ee604d8a-4a0b-48ff-af79-eef48d71f87f}" />
      </MissingDependency>
      <MissingDependency>
        <Required type="26" schemaName="Excluded Accounts Campaigns" displayName="Excluded Accounts Campaigns" parentSchemaName="account" parentDisplayName="Account" solution="msdynce_MarketingPatch (9.0.1904.1019)" id="{7de498c2-508f-49a4-b2e8-d550d5b1b9ee}">
          <package>msdynce_MarketingAnchor (9.0.24102.10001)</package>
        </Required>
        <Dependent type="60" displayName="Information" parentDisplayName="Incident Report" id="{ee604d8a-4a0b-48ff-af79-eef48d71f87f}" />
      </MissingDependency>
      <MissingDependency>
        <Required type="26" schemaName="TDG Core Sites" displayName="TDG Core Sites" parentSchemaName="account" parentDisplayName="Account" solution="Active" id="{7fa4b59f-485d-ee11-8df0-0022483d0c87}" />
        <Dependent type="60" displayName="Information" parentDisplayName="Incident Report" id="{ee604d8a-4a0b-48ff-af79-eef48d71f87f}" />
      </MissingDependency>
      <MissingDependency>
        <Required type="26" schemaName="Parent Lookup View" displayName="Parent Lookup View" parentSchemaName="account" parentDisplayName="Account" solution="Active" id="{80d24aa0-2b6c-ed11-81ac-0022483d0343}" />
        <Dependent type="60" displayName="Information" parentDisplayName="Incident Report" id="{ee604d8a-4a0b-48ff-af79-eef48d71f87f}" />
      </MissingDependency>
      <MissingDependency>
        <Required type="26" schemaName="Active Child Accounts" displayName="Active Child Accounts" parentSchemaName="account" parentDisplayName="Account" solution="Active" id="{82cc4863-aa98-eb11-b1ac-000d3ae93a4f}" />
        <Dependent type="60" displayName="Information" parentDisplayName="Incident Report" id="{ee604d8a-4a0b-48ff-af79-eef48d71f87f}" />
      </MissingDependency>
      <MissingDependency>
        <Required type="26" schemaName="CID Portal - Parent Companies" displayName="CID Portal - Parent Companies" parentSchemaName="account" parentDisplayName="Account" solution="Active" id="{84f03662-9e28-ec11-b6e6-0022483cb5cd}" />
        <Dependent type="60" displayName="Information" parentDisplayName="Incident Report" id="{ee604d8a-4a0b-48ff-af79-eef48d71f87f}" />
      </MissingDependency>
      <MissingDependency>
        <Required type="26" schemaName="Companies" displayName="Companies" parentSchemaName="account" parentDisplayName="Account" solution="Active" id="{8965dc8d-460a-eb11-a813-000d3af3a7a7}" />
        <Dependent type="60" displayName="Information" parentDisplayName="Incident Report" id="{ee604d8a-4a0b-48ff-af79-eef48d71f87f}" />
      </MissingDependency>
      <MissingDependency>
        <Required type="26" schemaName="Invitation Lookup View" displayName="Invitation Lookup View" parentSchemaName="ovs_invitation" parentDisplayName="Invitation" solution="Active" id="{8a2044ca-88c7-47b0-9c0c-cae30c745d54}" />
        <Dependent type="80" schemaName="ovs_TDGIncidentsIncidentsTMD" displayName="TDG Incidents / Incidents TMD" />
      </MissingDependency>
      <MissingDependency>
        <Required type="26" schemaName="Sites With No Operations" displayName="Sites With No Operations" parentSchemaName="account" parentDisplayName="Account" solution="Active" id="{906591f6-654c-ec11-8f8e-000d3ae8e96e}" />
        <Dependent type="60" displayName="Information" parentDisplayName="Incident Report" id="{ee604d8a-4a0b-48ff-af79-eef48d71f87f}" />
      </MissingDependency>
      <MissingDependency>
        <Required type="26" schemaName="Legal Name" displayName="Legal Name" parentSchemaName="account" parentDisplayName="Account" solution="Active" id="{92f36027-a3e0-ee11-904c-000d3ae9455d}" />
        <Dependent type="60" displayName="Information" parentDisplayName="Incident Report" id="{ee604d8a-4a0b-48ff-af79-eef48d71f87f}" />
      </MissingDependency>
      <MissingDependency>
        <Required type="26" schemaName="Account Duplicated per Customer request" displayName="Account Duplicated per Customer request" parentSchemaName="account" parentDisplayName="Account" solution="Active" id="{9b760bd0-0437-ee11-bdf4-0022483d0343}" />
        <Dependent type="60" displayName="Information" parentDisplayName="Incident Report" id="{ee604d8a-4a0b-48ff-af79-eef48d71f87f}" />
      </MissingDependency>
      <MissingDependency>
        <Required type="26" schemaName="CID - Claim Sites" displayName="CID - Claim Sites" parentSchemaName="account" parentDisplayName="Account" solution="Active" id="{a0be1cb3-8525-ec11-b6e6-0022483cb5cd}" />
        <Dependent type="60" displayName="Information" parentDisplayName="Incident Report" id="{ee604d8a-4a0b-48ff-af79-eef48d71f87f}" />
      </MissingDependency>
      <MissingDependency>
        <Required type="26" schemaName="Quick Find Active Invitations" displayName="Quick Find Active Invitations" parentSchemaName="ovs_invitation" parentDisplayName="Invitation" solution="Active" id="{a13681d9-1251-432e-b952-51e8ea725865}" />
        <Dependent type="80" schemaName="ovs_TDGIncidentsIncidentsTMD" displayName="TDG Incidents / Incidents TMD" />
      </MissingDependency>
      <MissingDependency>
        <Required type="26" schemaName="TDG Core Organizations" displayName="TDG Core Organizations" parentSchemaName="account" parentDisplayName="Account" solution="Active" id="{a5a9b46c-475d-ee11-8df0-0022483e130e}" />
        <Dependent type="60" displayName="Information" parentDisplayName="Incident Report" id="{ee604d8a-4a0b-48ff-af79-eef48d71f87f}" />
      </MissingDependency>
      <MissingDependency>
        <Required type="26" schemaName="My Region's Contacts" displayName="My Region's Contacts" parentSchemaName="contact" parentDisplayName="Contact" solution="Active" id="{a8d4d8d3-71db-eb11-bacb-0022483c561b}" />
        <Dependent type="80" schemaName="ovs_TDGIncidentsIncidentsTMD" displayName="TDG Incidents / Incidents TMD" />
      </MissingDependency>
      <MissingDependency>
        <Required type="26" schemaName="My Region's Active Sites" displayName="My Region's Active Sites" parentSchemaName="account" parentDisplayName="Account" solution="Active" id="{aa2ba086-5ad4-eb11-bacc-000d3af3999c}" />
        <Dependent type="60" displayName="Information" parentDisplayName="Incident Report" id="{ee604d8a-4a0b-48ff-af79-eef48d71f87f}" />
      </MissingDependency>
      <MissingDependency>
        <Required type="26" schemaName="HOTI / HOTI GOA Sites" displayName="HOTI / HOTI GOA Sites" parentSchemaName="account" parentDisplayName="Account" solution="Active" id="{aba6669f-1cff-ed11-8f6d-0022483d0343}" />
        <Dependent type="60" displayName="Information" parentDisplayName="Incident Report" id="{ee604d8a-4a0b-48ff-af79-eef48d71f87f}" />
      </MissingDependency>
      <MissingDependency>
        <Required type="26" schemaName="Support Request Lookup View" displayName="Support Request Lookup View" parentSchemaName="ovs_supportrequest" parentDisplayName="Support Request" solution="Active" id="{ae9d977e-ae60-424a-8718-dacd211e93b9}" />
        <Dependent type="80" schemaName="ovs_TDGIncidentsIncidentsTMD" displayName="TDG Incidents / Incidents TMD" />
      </MissingDependency>
      <MissingDependency>
        <Required type="26" schemaName="CID Portal - Sites" displayName="CID Portal - Sites" parentSchemaName="account" parentDisplayName="Account" solution="Active" id="{c8db5060-4a4d-ec11-8f8e-000d3ae9a753}" />
        <Dependent type="60" displayName="Information" parentDisplayName="Incident Report" id="{ee604d8a-4a0b-48ff-af79-eef48d71f87f}" />
      </MissingDependency>
      <MissingDependency>
        <Required type="26" schemaName="Selected Accounts Campaigns" displayName="Selected Accounts Campaigns" parentSchemaName="account" parentDisplayName="Account" solution="msdynce_MarketingPatch (9.0.1904.1019)" id="{d15e48f6-e8fe-e811-8165-000d3af92c6e}">
          <package>msdynce_MarketingAnchor (9.0.24102.10001)</package>
        </Required>
        <Dependent type="60" displayName="Information" parentDisplayName="Incident Report" id="{ee604d8a-4a0b-48ff-af79-eef48d71f87f}" />
      </MissingDependency>
      <MissingDependency>
        <Required type="26" schemaName="CID Portal - Validation - Attested Sites" displayName="CID Portal - Validation - Attested Sites" parentSchemaName="account" parentDisplayName="Account" solution="Active" id="{d540e97a-c892-ec11-b3fe-000d3a0c187c}" />
        <Dependent type="60" displayName="Information" parentDisplayName="Incident Report" id="{ee604d8a-4a0b-48ff-af79-eef48d71f87f}" />
      </MissingDependency>
      <MissingDependency>
        <Required type="26" schemaName="CID Sites with Unknown CID Flag" displayName="CID Sites with Unknown CID Flag" parentSchemaName="account" parentDisplayName="Account" solution="Active" id="{e2298c2d-12c1-ee11-9078-0022483cceb8}" />
        <Dependent type="60" displayName="Information" parentDisplayName="Incident Report" id="{ee604d8a-4a0b-48ff-af79-eef48d71f87f}" />
      </MissingDependency>
      <MissingDependency>
        <Required type="26" schemaName="Active Support Requests DGAIS" displayName="Active Support Requests DGAIS" parentSchemaName="ovs_supportrequest" parentDisplayName="Support Request" solution="Active" id="{e31dea5a-1250-ef11-accd-0022483c7e68}" />
        <Dependent type="80" schemaName="ovs_TDGIncidentsIncidentsTMD" displayName="TDG Incidents / Incidents TMD" />
      </MissingDependency>
      <MissingDependency>
        <Required type="26" schemaName="HOTI / HOTI GOA Organizations" displayName="HOTI / HOTI GOA Organizations" parentSchemaName="account" parentDisplayName="Account" solution="Active" id="{e3847669-10ff-ed11-8f6d-0022483d0343}" />
        <Dependent type="60" displayName="Information" parentDisplayName="Incident Report" id="{ee604d8a-4a0b-48ff-af79-eef48d71f87f}" />
      </MissingDependency>
      <MissingDependency>
        <Required type="26" schemaName="All Child Accounts" displayName="All Child Accounts" parentSchemaName="account" parentDisplayName="Account" solution="Active" id="{e7292e30-4fd2-ee11-904d-0022483cc3b7}" />
        <Dependent type="60" displayName="Information" parentDisplayName="Incident Report" id="{ee604d8a-4a0b-48ff-af79-eef48d71f87f}" />
      </MissingDependency>
      <MissingDependency>
        <Required type="26" schemaName="Sites" displayName="Sites" parentSchemaName="account" parentDisplayName="Account" solution="Active" id="{e7ba8bd8-440a-eb11-a813-000d3af3a7a7}" />
        <Dependent type="60" displayName="Information" parentDisplayName="Incident Report" id="{ee604d8a-4a0b-48ff-af79-eef48d71f87f}" />
      </MissingDependency>
      <MissingDependency>
        <Required type="26" schemaName="Sites" displayName="Sites" parentSchemaName="account" parentDisplayName="Account" solution="Active" id="{e7ba8bd8-440a-eb11-a813-000d3af3a7a7}" />
        <Dependent type="80" schemaName="ovs_TDGIncidentsIncidentsTMD" displayName="TDG Incidents / Incidents TMD" />
      </MissingDependency>
      <MissingDependency>
        <Required type="26" schemaName="CID Portal - Portal Created Sites" displayName="CID Portal - Portal Created Sites" parentSchemaName="account" parentDisplayName="Account" solution="Active" id="{efe63e51-3040-ed11-bba2-0022483d0343}" />
        <Dependent type="60" displayName="Information" parentDisplayName="Incident Report" id="{ee604d8a-4a0b-48ff-af79-eef48d71f87f}" />
      </MissingDependency>
      <MissingDependency>
        <Required type="26" schemaName="Organizations" displayName="Organizations" parentSchemaName="account" parentDisplayName="Account" solution="Active" id="{fdbc939a-2403-eb11-a813-000d3af3ac0d}" />
        <Dependent type="60" displayName="Information" parentDisplayName="Incident Report" id="{ee604d8a-4a0b-48ff-af79-eef48d71f87f}" />
      </MissingDependency>
      <MissingDependency>
        <Required type="26" schemaName="Organizations" displayName="Organizations" parentSchemaName="account" parentDisplayName="Account" solution="Active" id="{fdbc939a-2403-eb11-a813-000d3af3ac0d}" />
        <Dependent type="80" schemaName="ovs_TDGIncidentsIncidentsTMD" displayName="TDG Incidents / Incidents TMD" />
      </MissingDependency>
      <MissingDependency>
        <Required type="26" schemaName="Invitation Advanced Find View" displayName="Invitation Advanced Find View" parentSchemaName="ovs_invitation" parentDisplayName="Invitation" solution="Active" id="{fefc25ee-b554-40a7-a044-0815caae218a}" />
        <Dependent type="80" schemaName="ovs_TDGIncidentsIncidentsTMD" displayName="TDG Incidents / Incidents TMD" />
      </MissingDependency>
      <MissingDependency>
        <Required type="26" schemaName="Site Population Density" displayName="Site Population Density" parentSchemaName="account" parentDisplayName="Account" solution="Active" id="{ff211cb9-117a-ec11-8d20-000d3aff1221}" />
        <Dependent type="60" displayName="Information" parentDisplayName="Incident Report" id="{ee604d8a-4a0b-48ff-af79-eef48d71f87f}" />
      </MissingDependency>
      <MissingDependency>
        <Required type="59" schemaName="Accounts By Territories" displayName="Accounts By Territories" parentSchemaName="account" parentDisplayName="Account" solution="msdynce_Sales (9.0.4.0076)" id="{88de94cc-8b5e-df11-ae90-00155d2e3002}">
          <package>msdynce_SalesAnchor (9.0.24102.10001)</package>
        </Required>
        <Dependent type="80" schemaName="ovs_TDGIncidentsIncidentsTMD" displayName="TDG Incidents / Incidents TMD" />
      </MissingDependency>
      <MissingDependency>
        <Required type="60" displayName="Site Address DGAIS" parentDisplayName="Account" solution="Active" id="{0ccb75e7-363d-ef11-a316-002248adc0af}" />
        <Dependent type="60" displayName="Information" parentDisplayName="Incident Report" id="{ee604d8a-4a0b-48ff-af79-eef48d71f87f}" />
      </MissingDependency>
      <MissingDependency>
        <Required type="60" displayName="Information" parentDisplayName="Support Request" solution="Active" id="{6c911b68-d5ab-48b1-ade7-3ef39e39dd97}" />
        <Dependent type="80" schemaName="ovs_TDGIncidentsIncidentsTMD" displayName="TDG Incidents / Incidents TMD" />
      </MissingDependency>
      <MissingDependency>
        <Required type="60" displayName="DGAIS Organization" parentDisplayName="Account" solution="Active" id="{6cfff89f-351c-ef11-840a-6045bd614ecd}" />
        <Dependent type="80" schemaName="ovs_TDGIncidentsIncidentsTMD" displayName="TDG Incidents / Incidents TMD" />
      </MissingDependency>
      <MissingDependency>
        <Required type="60" displayName="DGAIS Site Profile" parentDisplayName="Account" solution="Active" id="{8e8ef593-361c-ef11-840a-000d3a0c4626}" />
        <Dependent type="80" schemaName="ovs_TDGIncidentsIncidentsTMD" displayName="TDG Incidents / Incidents TMD" />
      </MissingDependency>
      <MissingDependency>
        <Required type="60" displayName="TDG Incident Contact" parentDisplayName="Contact" solution="Active" id="{9f0eda25-2c1d-ef11-840a-6045bd614ecd}" />
        <Dependent type="80" schemaName="ovs_TDGIncidentsIncidentsTMD" displayName="TDG Incidents / Incidents TMD" />
      </MissingDependency>
      <MissingDependency>
        <Required type="60" displayName="Information" parentDisplayName="Incident" solution="Active" id="{a58c2822-51b7-4919-b85c-d94204f76f09}" />
        <Dependent type="80" schemaName="ovs_TDGIncidentsIncidentsTMD" displayName="TDG Incidents / Incidents TMD" />
      </MissingDependency>
      <MissingDependency>
        <Required type="60" displayName="Information" parentDisplayName="Incident" solution="Active" id="{b8315c28-e2b0-4d15-aec8-5fa434056f2d}" />
        <Dependent type="80" schemaName="ovs_TDGIncidentsIncidentsTMD" displayName="TDG Incidents / Incidents TMD" />
      </MissingDependency>
      <MissingDependency>
        <Required type="60" displayName="DGAIS Invitation form" parentDisplayName="Invitation" solution="Active" id="{c18e41da-404f-ef11-accd-000d3a843b46}" />
        <Dependent type="80" schemaName="ovs_TDGIncidentsIncidentsTMD" displayName="TDG Incidents / Incidents TMD" />
      </MissingDependency>
      <MissingDependency>
        <Required type="60" displayName="Information" parentDisplayName="Invitation" solution="Active" id="{c29522e7-6f88-4e01-94fc-52afb598ffb6}" />
        <Dependent type="80" schemaName="ovs_TDGIncidentsIncidentsTMD" displayName="TDG Incidents / Incidents TMD" />
      </MissingDependency>
      <MissingDependency>
        <Required type="60" displayName="Incident Organization Contact" parentDisplayName="Organization Contact" solution="Active" id="{e038b892-2d1d-ef11-840a-000d3a0c4626}" />
        <Dependent type="80" schemaName="ovs_TDGIncidentsIncidentsTMD" displayName="TDG Incidents / Incidents TMD" />
      </MissingDependency>
      <MissingDependency>
        <Required type="60" displayName="Information" parentDisplayName="Support Request" solution="Active" id="{f9813d7a-892a-476d-b4d9-30abdf8de48e}" />
        <Dependent type="80" schemaName="ovs_TDGIncidentsIncidentsTMD" displayName="TDG Incidents / Incidents TMD" />
      </MissingDependency>
      <MissingDependency>
        <Required type="61" schemaName="msdyn_/Images/AppModule_Default_Icon.png" displayName="msdyn_/Images/AppModule_Default_Icon.png" solution="AppModuleWebResources (2.5)" />
        <Dependent type="80" schemaName="ovs_TDGIncidentsIncidentsTMD" displayName="TDG Incidents / Incidents TMD" />
      </MissingDependency>
      <MissingDependency>
        <Required type="61" schemaName="ovs_/CopyAddressButton.html" displayName="ovs_/CopyAddressButton.html" solution="Active" />
        <Dependent type="60" displayName="Information" parentDisplayName="Incident Report" id="{ee604d8a-4a0b-48ff-af79-eef48d71f87f}" />
      </MissingDependency>
      <MissingDependency>
        <Required type="61" schemaName="ovs_incident_report_main.js" displayName="ovs_incident_report_main.js" solution="Active" />
        <Dependent type="60" displayName="Information" parentDisplayName="Incident Report" id="{ee604d8a-4a0b-48ff-af79-eef48d71f87f}" />
      </MissingDependency>
      <MissingDependency>
        <Required type="61" schemaName="qm_globalHelper.js" displayName="qm_globalHelper.js" solution="Active" />
        <Dependent type="60" displayName="Information" parentDisplayName="Incident Report" id="{ee604d8a-4a0b-48ff-af79-eef48d71f87f}" />
      </MissingDependency>
      <MissingDependency>
        <Required type="62" schemaName="ovs_TDGIncidentsIncidentsTMD" solution="Active" />
        <Dependent type="80" schemaName="ovs_TDGIncidentsIncidentsTMD" displayName="TDG Incidents / Incidents TMD" />
      </MissingDependency>
      <MissingDependency>
        <Required type="66" schemaName="MscrmControls.FieldControls.ToggleControl" displayName="MscrmControls.FieldControls.ToggleControl" solution="BaseCustomControlsCore (9.0.2410.3010)">
          <package>BaseCustomControlsCore (9.0.2410.3010)</package>
        </Required>
        <Dependent type="60" displayName="Information" parentDisplayName="Incident Report" id="{ee604d8a-4a0b-48ff-af79-eef48d71f87f}" />
      </MissingDependency>
      <MissingDependency>
        <Required type="66" schemaName="MscrmControls.Grid.GridControl" displayName="MscrmControls.Grid.GridControl" solution="BaseCustomControlsCore (9.0.2410.3010)">
          <package>BaseCustomControlsCore (9.0.2410.3010)</package>
        </Required>
        <Dependent type="60" displayName="Information" parentDisplayName="Incident Report" id="{ee604d8a-4a0b-48ff-af79-eef48d71f87f}" />
      </MissingDependency>
      <MissingDependency>
        <Required type="SettingDefinition" displayName="AppChannel" solution="msdyn_AppFrameworkInfraExtensions (1.0.0.12)" id.uniquename="AppChannel">
          <package>PowerAppsAppFramework_Anchor (1.0.0.16)</package>
        </Required>
        <Dependent type="AppSetting" displayName="parentappmoduleid.uniquename=ovs_TDGIncidentsIncidentsTMD,settingdefinitionid.uniquename=AppChannel" id.parentappmoduleid.uniquename="ovs_TDGIncidentsIncidentsTMD" id.settingdefinitionid.uniquename="AppChannel" />
      </MissingDependency>
    </MissingDependencies>
  </SolutionManifest>
</ImportExportXml>