<ImportExportXml xmlns:xsi="http://www.w3.org/2001/XMLSchema-instance" OrganizationVersion="9.2.24114.196" OrganizationSchemaType="Full" CRMServerServiceabilityVersion="9.2.24114.00196">
  <Entities>
    <Entity>
      <Name LocalizedName="Line of Business NOP" OriginalName="Regional NOP">ovs_CDRegionalNOP</Name>
      <EntityInfo>
        <entity Name="ovs_CDRegionalNOP">
          <LocalizedNames>
            <LocalizedName description="Line of Business NOP" languagecode="1033" />
            <LocalizedName description="PNS du secteur d'activité" languagecode="1036" />
          </LocalizedNames>
          <LocalizedCollectionNames>
            <LocalizedCollectionName description="Line of Business NOPS" languagecode="1033" />
            <LocalizedCollectionName description="PNS du secteur d'activité" languagecode="1036" />
          </LocalizedCollectionNames>
          <Descriptions>
            <Description description="NOP For Each Line of Business" languagecode="1033" />
            <Description description="" languagecode="1036" />
          </Descriptions>
          <attributes>
            <attribute PhysicalName="ovs_CDRegionalNOPId">
              <Type>primarykey</Type>
              <Name>ovs_cdregionalnopid</Name>
              <LogicalName>ovs_cdregionalnopid</LogicalName>
              <RequiredLevel>systemrequired</RequiredLevel>
              <DisplayMask>ValidForAdvancedFind|RequiredForGrid</DisplayMask>
              <ImeMode>auto</ImeMode>
              <ValidForUpdateApi>0</ValidForUpdateApi>
              <ValidForReadApi>1</ValidForReadApi>
              <ValidForCreateApi>1</ValidForCreateApi>
              <IsCustomField>0</IsCustomField>
              <IsAuditEnabled>0</IsAuditEnabled>
              <IsSecured>0</IsSecured>
              <IntroducedVersion>1.0.0.0</IntroducedVersion>
              <IsCustomizable>1</IsCustomizable>
              <IsRenameable>1</IsRenameable>
              <CanModifySearchSettings>1</CanModifySearchSettings>
              <CanModifyRequirementLevelSettings>0</CanModifyRequirementLevelSettings>
              <CanModifyAdditionalSettings>1</CanModifyAdditionalSettings>
              <SourceType>0</SourceType>
              <IsGlobalFilterEnabled>0</IsGlobalFilterEnabled>
              <IsSortableEnabled>0</IsSortableEnabled>
              <CanModifyGlobalFilterSettings>1</CanModifyGlobalFilterSettings>
              <CanModifyIsSortableSettings>1</CanModifyIsSortableSettings>
              <IsDataSourceSecret>0</IsDataSourceSecret>
              <AutoNumberFormat></AutoNumberFormat>
              <IsSearchable>0</IsSearchable>
              <IsFilterable>1</IsFilterable>
              <IsRetrievable>1</IsRetrievable>
              <IsLocalizable>0</IsLocalizable>
              <displaynames>
                <displayname description="Line of Business NOP" languagecode="1033" />
                <displayname description="PNS du secteur d'activité" languagecode="1036" />
              </displaynames>
              <Descriptions>
                <Description description="Unique identifier for entity instances" languagecode="1033" />
              </Descriptions>
            </attribute>
            <attribute PhysicalName="ovs_plannedwoccount">
              <Type>int</Type>
              <Name>ovs_plannedwoccount</Name>
              <LogicalName>ovs_plannedwoccount</LogicalName>
              <RequiredLevel>none</RequiredLevel>
              <DisplayMask>ValidForAdvancedFind|ValidForForm|ValidForGrid</DisplayMask>
              <ImeMode>auto</ImeMode>
              <ValidForUpdateApi>0</ValidForUpdateApi>
              <ValidForReadApi>1</ValidForReadApi>
              <ValidForCreateApi>0</ValidForCreateApi>
              <IsCustomField>1</IsCustomField>
              <IsAuditEnabled>0</IsAuditEnabled>
              <IsSecured>0</IsSecured>
              <IntroducedVersion>1.0.0.0</IntroducedVersion>
              <IsCustomizable>1</IsCustomizable>
              <IsRenameable>1</IsRenameable>
              <CanModifySearchSettings>1</CanModifySearchSettings>
              <CanModifyRequirementLevelSettings>1</CanModifyRequirementLevelSettings>
              <CanModifyAdditionalSettings>1</CanModifyAdditionalSettings>
              <SourceType>1</SourceType>
              <IsGlobalFilterEnabled>0</IsGlobalFilterEnabled>
              <IsSortableEnabled>0</IsSortableEnabled>
              <CanModifyGlobalFilterSettings>1</CanModifyGlobalFilterSettings>
              <CanModifyIsSortableSettings>1</CanModifyIsSortableSettings>
              <IsDataSourceSecret>0</IsDataSourceSecret>
              <AutoNumberFormat></AutoNumberFormat>
              <IsSearchable>0</IsSearchable>
              <IsFilterable>0</IsFilterable>
              <IsRetrievable>0</IsRetrievable>
              <IsLocalizable>0</IsLocalizable>
              <Format>none</Format>
              <MinValue>-2147483648</MinValue>
              <MaxValue>2147483647</MaxValue>
              <displaynames>
                <displayname description="Planned Capacity" languagecode="1033" />
                <displayname description="Capacité prévue" languagecode="1036" />
              </displaynames>
              <Descriptions>
                <Description description="Number Of Planned Work Order Candidates Related To This Line of Business NOP." languagecode="1033" />
                <Description description="Le nombre de candidats à l'ordre de travail planifiés liés à ce PNS secteur d'activité" languagecode="1036" />
              </Descriptions>
              <FormulaDefinitionFileName>/Formulas/ovs_cdregionalnop-ovs_plannedwoccount.xaml</FormulaDefinitionFileName>
            </attribute>
            <attribute PhysicalName="ovs_unplannedforecast">
              <Type>int</Type>
              <Name>ovs_unplannedforecast</Name>
              <LogicalName>ovs_unplannedforecast</LogicalName>
              <RequiredLevel>none</RequiredLevel>
              <DisplayMask>ValidForAdvancedFind|ValidForForm|ValidForGrid</DisplayMask>
              <ImeMode>auto</ImeMode>
              <ValidForUpdateApi>1</ValidForUpdateApi>
              <ValidForReadApi>1</ValidForReadApi>
              <ValidForCreateApi>1</ValidForCreateApi>
              <IsCustomField>1</IsCustomField>
              <IsAuditEnabled>1</IsAuditEnabled>
              <IsSecured>0</IsSecured>
              <IntroducedVersion>1.0.0.0</IntroducedVersion>
              <IsCustomizable>1</IsCustomizable>
              <IsRenameable>1</IsRenameable>
              <CanModifySearchSettings>1</CanModifySearchSettings>
              <CanModifyRequirementLevelSettings>1</CanModifyRequirementLevelSettings>
              <CanModifyAdditionalSettings>1</CanModifyAdditionalSettings>
              <SourceType>0</SourceType>
              <IsGlobalFilterEnabled>0</IsGlobalFilterEnabled>
              <IsSortableEnabled>0</IsSortableEnabled>
              <CanModifyGlobalFilterSettings>1</CanModifyGlobalFilterSettings>
              <CanModifyIsSortableSettings>1</CanModifyIsSortableSettings>
              <IsDataSourceSecret>0</IsDataSourceSecret>
              <AutoNumberFormat></AutoNumberFormat>
              <IsSearchable>0</IsSearchable>
              <IsFilterable>0</IsFilterable>
              <IsRetrievable>0</IsRetrievable>
              <IsLocalizable>0</IsLocalizable>
              <Format>none</Format>
              <MinValue>0</MinValue>
              <MaxValue>2147483647</MaxValue>
              <displaynames>
                <displayname description="Unplanned Forecast" languagecode="1033" />
                <displayname description="Prévisions non-planifiées" languagecode="1036" />
              </displaynames>
              <Descriptions>
                <Description description="Sum of Unplanned Forecasts for This Region and Fiscal Year." languagecode="1033" />
                <Description description="La somme des prévisions non-planifiées pour cette région et cet exercice" languagecode="1036" />
              </Descriptions>
            </attribute>
          </attributes>
          <EntitySetName>ovs_cdregionalnops</EntitySetName>
          <IsDuplicateCheckSupported>1</IsDuplicateCheckSupported>
          <IsBusinessProcessEnabled>1</IsBusinessProcessEnabled>
          <IsRequiredOffline>0</IsRequiredOffline>
          <IsInteractionCentricEnabled>0</IsInteractionCentricEnabled>
          <IsCollaboration>0</IsCollaboration>
          <AutoRouteToOwnerQueue>0</AutoRouteToOwnerQueue>
          <IsConnectionsEnabled>0</IsConnectionsEnabled>
          <EntityColor></EntityColor>
          <IsDocumentManagementEnabled>0</IsDocumentManagementEnabled>
          <AutoCreateAccessTeams>0</AutoCreateAccessTeams>
          <IsOneNoteIntegrationEnabled>0</IsOneNoteIntegrationEnabled>
          <IsKnowledgeManagementEnabled>0</IsKnowledgeManagementEnabled>
          <IsSLAEnabled>0</IsSLAEnabled>
          <IsDocumentRecommendationsEnabled>0</IsDocumentRecommendationsEnabled>
          <IsBPFEntity>0</IsBPFEntity>
          <OwnershipTypeMask>UserOwned</OwnershipTypeMask>
          <EntityMask>ActivityPointer</EntityMask>
          <IsAuditEnabled>1</IsAuditEnabled>
          <IsRetrieveAuditEnabled>0</IsRetrieveAuditEnabled>
          <IsRetrieveMultipleAuditEnabled>0</IsRetrieveMultipleAuditEnabled>
          <IsActivity>0</IsActivity>
          <ActivityTypeMask></ActivityTypeMask>
          <IsActivityParty>0</IsActivityParty>
          <IsReplicated>0</IsReplicated>
          <IsReplicationUserFiltered>0</IsReplicationUserFiltered>
          <IsMailMergeEnabled>1</IsMailMergeEnabled>
          <IsVisibleInMobile>0</IsVisibleInMobile>
          <IsVisibleInMobileClient>0</IsVisibleInMobileClient>
          <IsReadOnlyInMobileClient>0</IsReadOnlyInMobileClient>
          <IsOfflineInMobileClient>0</IsOfflineInMobileClient>
          <DaysSinceRecordLastModified>0</DaysSinceRecordLastModified>
          <MobileOfflineFilters></MobileOfflineFilters>
          <IsMapiGridEnabled>1</IsMapiGridEnabled>
          <IsReadingPaneEnabled>1</IsReadingPaneEnabled>
          <IsQuickCreateEnabled>0</IsQuickCreateEnabled>
          <SyncToExternalSearchIndex>0</SyncToExternalSearchIndex>
          <IntroducedVersion>1.0.0.0</IntroducedVersion>
          <IsCustomizable>1</IsCustomizable>
          <IsRenameable>1</IsRenameable>
          <IsMappable>1</IsMappable>
          <CanModifyAuditSettings>1</CanModifyAuditSettings>
          <CanModifyMobileVisibility>1</CanModifyMobileVisibility>
          <CanModifyMobileClientVisibility>1</CanModifyMobileClientVisibility>
          <CanModifyMobileClientReadOnly>1</CanModifyMobileClientReadOnly>
          <CanModifyMobileClientOffline>1</CanModifyMobileClientOffline>
          <CanModifyConnectionSettings>1</CanModifyConnectionSettings>
          <CanModifyDuplicateDetectionSettings>1</CanModifyDuplicateDetectionSettings>
          <CanModifyMailMergeSettings>1</CanModifyMailMergeSettings>
          <CanModifyQueueSettings>1</CanModifyQueueSettings>
          <CanCreateAttributes>1</CanCreateAttributes>
          <CanCreateForms>1</CanCreateForms>
          <CanCreateCharts>1</CanCreateCharts>
          <CanCreateViews>1</CanCreateViews>
          <CanModifyAdditionalSettings>1</CanModifyAdditionalSettings>
          <CanEnableSyncToExternalSearchIndex>1</CanEnableSyncToExternalSearchIndex>
          <IconVectorName></IconVectorName>
          <EnforceStateTransitions>0</EnforceStateTransitions>
          <CanChangeHierarchicalRelationship>1</CanChangeHierarchicalRelationship>
          <EntityHelpUrlEnabled>0</EntityHelpUrlEnabled>
          <EntityHelpUrl></EntityHelpUrl>
          <ChangeTrackingEnabled>1</ChangeTrackingEnabled>
          <CanChangeTrackingBeEnabled>1</CanChangeTrackingBeEnabled>
          <IsEnabledForExternalChannels>0</IsEnabledForExternalChannels>
          <IsMSTeamsIntegrationEnabled>0</IsMSTeamsIntegrationEnabled>
          <IsSolutionAware>0</IsSolutionAware>
          <HasRelatedNotes>True</HasRelatedNotes>
          <HasRelatedActivities>True</HasRelatedActivities>
        </entity>
      </EntityInfo>
      <FormXml>
        <forms type="main">
          <systemform>
            <formid>{72439443-0dce-4ea0-8afe-d2cb17c679bc}</formid>
            <IntroducedVersion>1.0.0.0</IntroducedVersion>
            <FormPresentation>1</FormPresentation>
            <FormActivationState>1</FormActivationState>
            <form headerdensity="HighWithControls" shownavigationbar="true" showImage="false" maxWidth="1920">
              <tabs>
                <tab verticallayout="true" id="{7496e746-4fb2-4e1e-8943-847ac9149c1e}" IsUserDefined="1">
                  <labels>
                    <label description="General" languagecode="1033" />
                    <label description="Général" languagecode="1036" />
                  </labels>
                  <columns>
                    <column width="33%">
                      <sections>
                        <section showlabel="false" showbar="false" IsUserDefined="0" id="{a726b8b5-cd8d-4363-b9ce-95db62b4a4a1}">
                          <labels>
                            <label description="General" languagecode="1033" />
                            <label description="Général" languagecode="1036" />
                          </labels>
                          <rows>
                            <row>
                              <cell id="{d2362885-b138-488d-b934-6bd48c61bcaa}" showlabel="true" locklevel="0" visible="false">
                                <labels>
                                  <label description="Name" languagecode="1033" />
                                  <label description="Name" languagecode="1036" />
                                </labels>
                                <control id="ovs_name" classid="{4273EDBD-AC1D-40d3-9FB2-095C621B552D}" datafieldname="ovs_name" uniqueid="{1cdcc03a-2216-5465-ce0d-4dc767ea738b}" disabled="true" />
                              </cell>
                            </row>
                            <row>
                              <cell id="{95cbd5da-511d-2146-a1b7-d3ecd8d1880c}" showlabel="true" locklevel="0">
                                <labels>
                                  <label description="NOP" languagecode="1033" />
                                  <label description="PNS" languagecode="1036" />
                                </labels>
                                <control id="ovs_cdnopid" classid="{270BD3DB-D9AF-4782-9025-509E298DEC0A}" datafieldname="ovs_cdnopid" disabled="true" uniqueid="{59d5954b-91eb-74dd-1645-8d601a465b8b}">
                                  <parameters>
                                    <AutoResolve>true</AutoResolve>
                                    <DisableMru>false</DisableMru>
                                    <DisableQuickFind>false</DisableQuickFind>
                                    <DisableViewPicker>false</DisableViewPicker>
                                    <DefaultViewId>{DC4E3577-07B5-4EE7-8C7F-2D6AC3DF3D00}</DefaultViewId>
                                    <AllowFilterOff>false</AllowFilterOff>
                                  </parameters>
                                </control>
                              </cell>
                            </row>
                            <row>
                              <cell id="{7e299a32-ea6c-6a35-ac09-ae869c33aad2}" showlabel="true" locklevel="0">
                                <labels>
                                  <label description="Fiscal Year" languagecode="1033" />
                                  <label description="Année fiscale" languagecode="1036" />
                                </labels>
                                <control id="ovs_cdfiscalyearid" classid="{270BD3DB-D9AF-4782-9025-509E298DEC0A}" datafieldname="ovs_cdfiscalyearid" disabled="true" uniqueid="{b22150dc-b6db-5733-a98b-6540a428eba2}">
                                  <parameters>
                                    <AutoResolve>true</AutoResolve>
                                    <DisableMru>false</DisableMru>
                                    <DisableQuickFind>false</DisableQuickFind>
                                    <DisableViewPicker>false</DisableViewPicker>
                                    <DefaultViewId>{C2B848E9-8D49-4972-8E80-06A8B98802A1}</DefaultViewId>
                                    <AllowFilterOff>false</AllowFilterOff>
                                  </parameters>
                                </control>
                              </cell>
                            </row>
                            <row>
                              <cell id="{db65bd00-1ef3-429f-81ce-b43885184a29}" locklevel="0" colspan="1" rowspan="1">
                                <labels>
                                  <label description="Line Of Business" languagecode="1033" />
                                  <label description="Nom du secteur d'activité" languagecode="1036" />
                                </labels>
                                <control id="ovs_lineofbusiness_id" classid="{270BD3DB-D9AF-4782-9025-509E298DEC0A}" datafieldname="ovs_lineofbusiness_id" disabled="false" />
                              </cell>
                            </row>
                            <row>
                              <cell id="{a0449ae8-e341-402c-498b-65ab9b156072}" showlabel="true" locklevel="0">
                                <labels>
                                  <label description="Region" languagecode="1033" />
                                  <label description="Région" languagecode="1036" />
                                </labels>
                                <control id="ovs_cdregionid" classid="{270BD3DB-D9AF-4782-9025-509E298DEC0A}" datafieldname="ovs_cdregionid" disabled="false" uniqueid="{87a407be-c198-e3ca-d734-20e2d9914d72}">
                                  <parameters>
                                    <AutoResolve>true</AutoResolve>
                                    <DisableMru>false</DisableMru>
                                    <DisableQuickFind>false</DisableQuickFind>
                                    <DisableViewPicker>false</DisableViewPicker>
                                    <DefaultViewId>{AD81B2CA-9789-4465-8C56-94C10830A6ED}</DefaultViewId>
                                    <AllowFilterOff>false</AllowFilterOff>
                                  </parameters>
                                </control>
                              </cell>
                            </row>
                            <row>
                              <cell id="{74b7eed4-8c74-d12a-c542-831d73a9dbab}" showlabel="true" locklevel="0">
                                <labels>
                                  <label description="Total Capacity" languagecode="1033" />
                                  <label description="Capacité" languagecode="1036" />
                                </labels>
                                <control id="ovs_capacity" classid="{C6D124CA-7EDA-4a60-AEA9-7FB8D318B68F}" datafieldname="ovs_capacity" disabled="false" uniqueid="{76d430e6-b35e-0d10-0984-3c42aed3d579}" />
                              </cell>
                            </row>
                            <row>
                              <cell id="{6cc5edbc-5be6-0e8c-31a6-2ab3c4cd0ebb}" showlabel="true" locklevel="0">
                                <labels>
                                  <label description="Unplanned Forecast" languagecode="1033" />
                                  <label description="Prévisions non-planifiées" languagecode="1036" />
                                </labels>
                                <control id="ovs_unplannedforecast" classid="{C6D124CA-7EDA-4a60-AEA9-7FB8D318B68F}" datafieldname="ovs_unplannedforecast" disabled="false" uniqueid="{0e32cc9a-8e19-b87d-002d-b5239725a1a5}" />
                              </cell>
                            </row>
                            <row>
                              <cell id="{b8571bba-d2c8-a85e-7477-2d81508ae0cc}" showlabel="true" locklevel="0">
                                <labels>
                                  <label description="Planned Capacity" languagecode="1033" />
                                  <label description="Capacité prévue" languagecode="1036" />
                                </labels>
                                <control id="ovs_plannedwoccount" classid="{C6D124CA-7EDA-4a60-AEA9-7FB8D318B68F}" datafieldname="ovs_plannedwoccount" disabled="false" uniqueid="{dd3b98b7-2687-8a53-1021-e528e6a21830}" />
                              </cell>
                            </row>
                            <row>
                              <cell id="{e82d824b-74b8-a62a-82d7-614903d69a3b}" showlabel="true" locklevel="0">
                                <labels>
                                  <label description="HQ Variance" languagecode="1033" />
                                  <label description="La variance pour les candidats à l'ordre de travail" languagecode="1036" />
                                </labels>
                                <control id="ovs_cdwocvariance" classid="{C6D124CA-7EDA-4a60-AEA9-7FB8D318B68F}" datafieldname="ovs_cdwocvariance" disabled="false" uniqueid="{862d8495-35cb-bda9-0cd0-46dda23d9ab7}" />
                              </cell>
                            </row>
                            <row>
                              <cell id="{28e5d686-d8de-3a5c-4d9a-91a2d3b4cb98}" showlabel="true" locklevel="0">
                                <labels>
                                  <label description="Business Variance" languagecode="1033" />
                                  <label description="La variance du secteur d'activité" languagecode="1036" />
                                </labels>
                                <control id="ovs_cdregionvariance" classid="{C6D124CA-7EDA-4a60-AEA9-7FB8D318B68F}" datafieldname="ovs_cdregionvariance" disabled="false" />
                              </cell>
                            </row>
                          </rows>
                        </section>
                      </sections>
                    </column>
                    <column width="66%">
                      <sections>
                        <section showlabel="false" showbar="false" id="{da0f1c90-87ff-49fd-892d-ef41ceb7ba64}" IsUserDefined="0" height="auto">
                          <labels>
                            <label description="Notes" languagecode="1033" />
                          </labels>
                          <rows>
                            <row>
                              <cell showlabel="false" rowspan="15" auto="false" id="{ba6c76ff-983f-4861-bc41-d7ab27923b66}">
                                <labels>
                                  <label description="Note Text" languagecode="1033" />
                                  <label description="Texte de la remarque" languagecode="1036" />
                                </labels>
                                <control id="notescontrol" classid="{06375649-c143-495e-a496-c962e5b4488e}">
                                  <parameters>
                                    <DefaultTabId>NotesTab</DefaultTabId>
                                  </parameters>
                                </control>
                              </cell>
                            </row>
                            <row />
                            <row />
                            <row />
                            <row />
                            <row />
                            <row />
                            <row />
                            <row />
                            <row />
                            <row />
                            <row />
                            <row />
                            <row />
                            <row height="auto" />
                          </rows>
                        </section>
                      </sections>
                    </column>
                  </columns>
                </tab>
                <tab name="tab_2" id="bc2e6086-983c-4c8d-85d7-83d83951735b" IsUserDefined="0" locklevel="0" showlabel="true">
                  <labels>
                    <label description="Work Order Candidates" languagecode="1033" />
                    <label description="Candidat à l’ordre de travail" languagecode="1036" />
                  </labels>
                  <columns>
                    <column width="100%">
                      <sections>
                        <section name="tab_2_section_1" id="3c4b170d-f50e-4034-bf82-ff058ec74e1d" IsUserDefined="0" locklevel="0" showlabel="false" showbar="false" layout="varwidth" celllabelalignment="Left" celllabelposition="Top" columns="1" labelwidth="115" height="auto">
                          <labels>
                            <label description="Planned Inspections" languagecode="1033" />
                          </labels>
                          <rows>
                            <row>
                              <cell locklevel="0" id="{693fdba2-bc3e-4648-b81a-2058eae4d072}" rowspan="5" colspan="1" showlabel="true" auto="true">
                                <labels>
                                  <label description="Planned Inspections" languagecode="1033" />
                                  <label description="Work Order Candidates" languagecode="1036" />
                                </labels>
                                <control id="Subgrid_1" classid="{F9A8A302-114E-466A-B582-6771B2AE0D92}" indicationOfSubgrid="true" uniqueid="{ce823438-e3c3-2569-23b6-86b3121c7eda}">
                                  <parameters>
                                    <TargetEntityType>ovs_workordercandidate</TargetEntityType>
                                    <ViewId>{BA8A6646-0C52-EC11-8F8E-000D3AE8EDDC}</ViewId>
                                    <EnableViewPicker>true</EnableViewPicker>
                                    <RelationshipName>ovs_CDRegionalNOP_WorkOrderCandidate</RelationshipName>
                                    <RecordsPerPage>50</RecordsPerPage>
                                    <AutoExpand>Auto</AutoExpand>
                                    <HeaderColorCode>#F3F3F3</HeaderColorCode>
                                    <IsUserView>false</IsUserView>
                                    <EnableQuickFind>true</EnableQuickFind>
                                    <EnableJumpBar>false</EnableJumpBar>
                                    <ChartGridMode>All</ChartGridMode>
                                    <VisualizationId />
                                    <IsUserChart>false</IsUserChart>
                                    <EnableChartPicker>true</EnableChartPicker>
                                    <ViewIds />
                                  </parameters>
                                </control>
                              </cell>
                            </row>
                            <row />
                            <row />
                            <row />
                            <row />
                          </rows>
                        </section>
                        <section name="tab_2_section_4" id="b71de38e-51f9-4129-9784-83893b3842c0" IsUserDefined="0" locklevel="0" showlabel="false" showbar="false" layout="varwidth" celllabelalignment="Left" celllabelposition="Left" columns="111" labelwidth="115" visible="false">
                          <labels>
                            <label description="New Section" languagecode="1033" />
                          </labels>
                          <rows>
                            <row>
                              <cell id="{a684f4f4-9af4-407c-b6c4-1aa8f0b08084}" locklevel="0" colspan="1" rowspan="1">
                                <labels>
                                  <label description="Generate Work Order Flag" languagecode="1033" />
                                </labels>
                                <control id="ovs_generateworkorder" classid="{67FAC785-CD58-4F9F-ABB3-4B7DDC6ED5ED}" datafieldname="ovs_generateworkorder" disabled="false" />
                              </cell>
                              <cell id="{ee5f3148-cb09-4fd8-813a-cacc5b99bf2f}" locklevel="0" colspan="1" rowspan="1">
                                <labels>
                                  <label description="Count of WOCs to Generate WO" languagecode="1033" />
                                </labels>
                                <control id="ovs_cntwoctogeneratewo" classid="{C6D124CA-7EDA-4A60-AEA9-7FB8D318B68F}" datafieldname="ovs_cntwoctogeneratewo" disabled="false" />
                              </cell>
                              <cell id="{0e55679a-9b1a-41be-8de6-3f498285195f}" locklevel="0" colspan="1" rowspan="1">
                                <labels>
                                  <label description="Total WO generated" languagecode="1033" />
                                </labels>
                                <control id="ovs_cntgeneratedwo" classid="{C6D124CA-7EDA-4A60-AEA9-7FB8D318B68F}" datafieldname="ovs_cntgeneratedwo" disabled="false" />
                              </cell>
                            </row>
                          </rows>
                        </section>
                      </sections>
                    </column>
                  </columns>
                </tab>
              </tabs>
              <header id="{038dfd71-0084-47c2-9b2c-afb1aa20d5db}" columns="111">
                <rows>
                  <row>
                    <cell id="{753a07ee-8901-e134-489b-c3b71b063e73}" showlabel="true" locklevel="0">
                      <labels>
                        <label description="Status" languagecode="1033" />
                        <label description="Statut" languagecode="1036" />
                      </labels>
                      <control id="header_statecode" classid="{3EF39988-22BB-4f0b-BBBE-64B5A3748AEE}" datafieldname="statecode" disabled="true" />
                    </cell>
                    <cell id="{aea40cba-72e3-c62b-bd69-d5069bd0a815}" showlabel="true" locklevel="0">
                      <labels>
                        <label description="Status Reason" languagecode="1033" />
                        <label description="Raison du statut" languagecode="1036" />
                      </labels>
                      <control id="header_statuscode" classid="{5D68B988-0661-4db2-BC3E-17598AD3BE6C}" datafieldname="statuscode" disabled="true" uniqueid="{18ee3506-0b3c-dd83-c84c-102b92dadc16}" />
                    </cell>
                    <cell id="{4d927726-189e-a795-388b-76e08dd18c8a}" showlabel="true" locklevel="0">
                      <labels>
                        <label description="Owner" languagecode="1033" />
                        <label description="Propriétaire" languagecode="1036" />
                      </labels>
                      <control id="header_ownerid" classid="{270BD3DB-D9AF-4782-9025-509E298DEC0A}" datafieldname="ownerid" disabled="true" />
                    </cell>
                  </row>
                </rows>
              </header>
              <Navigation>
                <NavBar />
                <NavBarAreas>
                  <NavBarArea Id="Info">
                    <Titles>
                      <Title LCID="1033" Text="Common" />
                    </Titles>
                  </NavBarArea>
                  <NavBarArea Id="Sales">
                    <Titles>
                      <Title LCID="1033" Text="Sales" />
                    </Titles>
                  </NavBarArea>
                  <NavBarArea Id="Service">
                    <Titles>
                      <Title LCID="1033" Text="Service" />
                    </Titles>
                  </NavBarArea>
                  <NavBarArea Id="Marketing">
                    <Titles>
                      <Title LCID="1033" Text="Marketing" />
                    </Titles>
                  </NavBarArea>
                  <NavBarArea Id="ProcessCenter">
                    <Titles>
                      <Title LCID="1033" Text="Process Sessions" />
                    </Titles>
                  </NavBarArea>
                </NavBarAreas>
              </Navigation>
              <controlDescriptions>
                <controlDescription forControl="{ce823438-e3c3-2569-23b6-86b3121c7eda}">
                  <customControl id="{E7A81278-8635-4d9e-8D4D-59480B391C5B}" formFactor="0">
                    <parameters>
                      <TargetEntityType>ovs_workordercandidate</TargetEntityType>
                      <ViewId>{BA8A6646-0C52-EC11-8F8E-000D3AE8EDDC}</ViewId>
                      <EnableViewPicker>true</EnableViewPicker>
                      <RelationshipName>ovs_CDRegionalNOP_WorkOrderCandidate</RelationshipName>
                      <RecordsPerPage>50</RecordsPerPage>
                      <AutoExpand>Auto</AutoExpand>
                      <HeaderColorCode>#F3F3F3</HeaderColorCode>
                      <IsUserView>false</IsUserView>
                      <EnableQuickFind>true</EnableQuickFind>
                      <EnableJumpBar>false</EnableJumpBar>
                      <ChartGridMode>All</ChartGridMode>
                      <VisualizationId />
                      <IsUserChart>false</IsUserChart>
                      <EnableChartPicker>true</EnableChartPicker>
                      <ViewIds />
                    </parameters>
                  </customControl>
                  <customControl formFactor="1" name="MscrmControls.Grid.GridControl">
                    <parameters>
                      <data-set name="Grid">
                        <ViewId>{BA8A6646-0C52-EC11-8F8E-000D3AE8EDDC}</ViewId>
                        <columnsDefaultView />
                        <IsUserView>false</IsUserView>
                        <RelationshipName>ovs_CDRegionalNOP_WorkOrderCandidate</RelationshipName>
                        <TargetEntityType>ovs_workordercandidate</TargetEntityType>
                        <EnableViewPicker>true</EnableViewPicker>
                        <FilteredViewIds />
                      </data-set>
                      <EnableGroupBy static="true" type="Enum">yes</EnableGroupBy>
                      <EnableEditing static="true" type="Enum">yes</EnableEditing>
                      <ReflowBehavior static="true" type="Enum">GridOnly</ReflowBehavior>
                      <ListLayoutDirection static="true" type="Enum">Vertical</ListLayoutDirection>
                      <EnableSubGridAutoCollapse static="true" type="Enum">false</EnableSubGridAutoCollapse>
                      <EnableFiltering static="true" type="Enum">yes</EnableFiltering>
                      <HideNestedGridColumnHeader static="true" type="Enum">no</HideNestedGridColumnHeader>
                      <EnableJumpBar static="true" type="Enum">yes</EnableJumpBar>
                    </parameters>
                  </customControl>
                  <customControl formFactor="2" name="MscrmControls.Grid.GridControl">
                    <parameters>
                      <data-set name="Grid">
                        <ViewId>{BA8A6646-0C52-EC11-8F8E-000D3AE8EDDC}</ViewId>
                        <columnsDefaultView />
                        <IsUserView>false</IsUserView>
                        <RelationshipName>ovs_CDRegionalNOP_WorkOrderCandidate</RelationshipName>
                        <TargetEntityType>ovs_workordercandidate</TargetEntityType>
                        <EnableViewPicker>true</EnableViewPicker>
                        <FilteredViewIds />
                      </data-set>
                      <EnableGroupBy static="true" type="Enum">yes</EnableGroupBy>
                      <EnableEditing static="true" type="Enum">yes</EnableEditing>
                      <ReflowBehavior static="true" type="Enum">GridOnly</ReflowBehavior>
                      <ListLayoutDirection static="true" type="Enum">Vertical</ListLayoutDirection>
                      <EnableSubGridAutoCollapse static="true" type="Enum">false</EnableSubGridAutoCollapse>
                      <EnableFiltering static="true" type="Enum">yes</EnableFiltering>
                      <HideNestedGridColumnHeader static="true" type="Enum">no</HideNestedGridColumnHeader>
                      <EnableJumpBar static="true" type="Enum">yes</EnableJumpBar>
                    </parameters>
                  </customControl>
                </controlDescription>
              </controlDescriptions>
              <footer id="{b8d84b06-045f-4b34-b98e-0d3e7210e638}" celllabelposition="Top" columns="111" labelwidth="115" celllabelalignment="Left">
                <rows>
                  <row>
                    <cell id="{1c1593f1-9607-4edf-a0e9-84114cddd08a}" showlabel="false">
                      <labels>
                        <label description="" languagecode="1033" />
                      </labels>
                    </cell>
                    <cell id="{b6355e4d-9a68-4e23-8064-7165e38fb0b9}" showlabel="false">
                      <labels>
                        <label description="" languagecode="1033" />
                      </labels>
                    </cell>
                    <cell id="{b2b23a15-2b82-4b95-a9e9-ad091d1a40d4}" showlabel="false">
                      <labels>
                        <label description="" languagecode="1033" />
                      </labels>
                    </cell>
                  </row>
                </rows>
              </footer>
              <formLibraries>
                <Library name="qm_globalHelper.js" libraryUniqueId="{4ce05cbc-16e0-8b0e-6bc0-a14135bcb80a}" />
                <Library name="ovs_RNOP_ValidationFunctions.js" libraryUniqueId="{5baec5ad-6c5e-716b-a62a-44d301ad6ea1}" />
                <Library name="ovs_RegionalNOPMainForm" libraryUniqueId="{d9e72280-07ec-d70e-b3cd-2e7ad2b3459c}" />
                <Library name="ovs_RegionalNOP_Ribbon" libraryUniqueId="{3bc0c0cb-b721-1202-284b-dcdadca2e25b}" />
              </formLibraries>
              <events>
                <event name="onload" application="false" active="false">
                  <Handlers>
                    <Handler functionName="Regional_NOP_main.OnLoad" libraryName="ovs_RegionalNOPMainForm" handlerUniqueId="{0a1ceadb-676d-a0c9-8d50-14e7b9e43d37}" enabled="true" parameters="" passExecutionContext="true" />
                  </Handlers>
                </event>
              </events>
              <DisplayConditions Order="0" FallbackForm="true">
                <Everyone />
              </DisplayConditions>
            </form>
            <IsCustomizable>1</IsCustomizable>
            <CanBeDeleted>1</CanBeDeleted>
            <LocalizedNames>
              <LocalizedName description="Information" languagecode="1033" />
            </LocalizedNames>
            <Descriptions>
              <Description description="A form for this entity." languagecode="1033" />
            </Descriptions>
          </systemform>
        </forms>
      </FormXml>
      <RibbonDiffXml>
        <CustomActions>
          <HideCustomAction HideActionId="new.Mscrm.Form.ovs_cdregionalnop.NewRecord.Hide" Location="Mscrm.Form.ovs_cdregionalnop.NewRecord" />
          <HideCustomAction HideActionId="new.Mscrm.HomepageGrid.ovs_cdregionalnop.NewRecord.Hide" Location="Mscrm.HomepageGrid.ovs_cdregionalnop.NewRecord" />
          <HideCustomAction HideActionId="new.Mscrm.SubGrid.ovs_cdregionalnop.NewRecord.Hide" Location="Mscrm.SubGrid.ovs_cdregionalnop.NewRecord" />
          <CustomAction Id="ovs.ovs_cdregionalnop.btnFillCapacity.CustomAction" Location="Mscrm.Form.ovs_cdregionalnop.MainTab.Save.Controls._children" Sequence="46">
            <CommandUIDefinition>
              <Button Alt="$LocLabels:ovs.ovs_cdregionalnop.btnFillCapacity.Alt" Command="ovs.ovs_cdregionalnop.Command.cmdFillRegionalCapacity" Id="ovs.ovs_cdregionalnop.btnFillCapacity" Image32by32="/_imgs/Workplace/ConvertActivity_32.png" Image16by16="/_imgs/Workplace/ConvertActivity_16.png" LabelText="$LocLabels:ovs.ovs_cdregionalnop.btnFillCapacity.LabelText" Sequence="46" TemplateAlias="o2" ToolTipTitle="$LocLabels:ovs.ovs_cdregionalnop.btnFillCapacity.ToolTipTitle" ModernImage="Process" />
            </CommandUIDefinition>
          </CustomAction>
          <CustomAction Id="ovs.ovs_cdregionalnop.Button.btnReCalculateTotals.CustomAction" Location="Mscrm.Form.ovs_cdregionalnop.MainTab.Save.Controls._children" Sequence="44">
            <CommandUIDefinition>
              <Button Alt="$LocLabels:ovs.ovs_cdregionalnop.Button.btnReCalculateTotals.Alt" Command="ovs.ovs_cdregionalnop.Command.cmdReCalculateTotals" Id="ovs.ovs_cdregionalnop.Button.btnReCalculateTotals" Image32by32="/_imgs/ribbon/AddToQueue_32.png" Image16by16="/_imgs/ribbon/AddToQueue_16.png" LabelText="$LocLabels:ovs.ovs_cdregionalnop.Button.btnReCalculateTotals.LabelText" Sequence="44" TemplateAlias="o2" ToolTipTitle="$LocLabels:ovs.ovs_cdregionalnop.Button.btnReCalculateTotals.ToolTipTitle" ModernImage="AddToQueue" />
            </CommandUIDefinition>
          </CustomAction>
          <CustomAction Id="ovs.ovs_cdregionalnop.Button.GenerateWO.CustomAction" Location="Mscrm.Form.ovs_cdregionalnop.MainTab.Save.Controls._children" Sequence="48">
            <CommandUIDefinition>
              <Button Alt="$LocLabels:ovs.ovs_cdregionalnop.Button.GenerateWO.Alt" Command="ovs.ovs_cdregionalnop.Command.GenerateWO" Id="ovs.ovs_cdregionalnop.Button.GenerateWO" Image32by32="$webresource:AppCommon/_imgs/Workplace/ConvertActivity_32.png" Image16by16="$webresource:AppCommon/_imgs/Workplace/ConvertActivity_16.png" LabelText="$LocLabels:ovs.ovs_cdregionalnop.Button.GenerateWO.LabelText" Sequence="48" TemplateAlias="o2" ToolTipTitle="$LocLabels:ovs.ovs_cdregionalnop.Button.GenerateWO.ToolTipTitle" ModernImage="$webresource:ArcSlaMigrationCommon/_imgs/MigrationTool.svg" />
            </CommandUIDefinition>
          </CustomAction>
        </CustomActions>
        <Templates>
          <RibbonTemplates Id="Mscrm.Templates"></RibbonTemplates>
        </Templates>
        <CommandDefinitions>
          <CommandDefinition Id="ovs.ovs_cdregionalnop.Command.cmdFillRegionalCapacity">
            <EnableRules />
            <DisplayRules />
            <Actions>
              <JavaScriptFunction FunctionName="RegionNOPRibbon.fillRegionalCapacity" Library="$webresource:ovs_RegionalNOP_Ribbon">
                <CrmParameter Value="PrimaryControl" />
              </JavaScriptFunction>
            </Actions>
          </CommandDefinition>
          <CommandDefinition Id="ovs.ovs_cdregionalnop.Command.cmdReCalculateTotals">
            <EnableRules />
            <DisplayRules />
            <Actions>
              <JavaScriptFunction FunctionName="RegionNOPRibbon.reCalculateTotals" Library="$webresource:ovs_RegionalNOP_Ribbon">
                <CrmParameter Value="PrimaryControl" />
              </JavaScriptFunction>
            </Actions>
          </CommandDefinition>
          <CommandDefinition Id="ovs.ovs_cdregionalnop.Command.GenerateWO">
            <EnableRules>
              <EnableRule Id="ovs.ovs_cdregionalnop.EnableRule.GenerateWOCandidatesButton" />
            </EnableRules>
            <DisplayRules />
            <Actions>
              <JavaScriptFunction FunctionName="RegionNOPRibbon.on_runGenerateWO" Library="$webresource:ovs_RegionalNOP_Ribbon">
                <CrmParameter Value="PrimaryControl" />
              </JavaScriptFunction>
            </Actions>
          </CommandDefinition>
        </CommandDefinitions>
        <RuleDefinitions>
          <TabDisplayRules />
          <DisplayRules />
          <EnableRules>
            <EnableRule Id="ovs.ovs_cdregionalnop.EnableRule.GenerateWOCandidatesButton">
              <CustomRule FunctionName="RegionNOPRibbon.toggleWOGenerationButton" Library="$webresource:ovs_RegionalNOP_Ribbon">
                <CrmParameter Value="PrimaryControl" />
              </CustomRule>
            </EnableRule>
          </EnableRules>
        </RuleDefinitions>
        <LocLabels>
          <LocLabel Id="ovs.ovs_cdregionalnop.btnFillCapacity.Alt">
            <Titles>
              <Title description="Fill Regional Capacity" languagecode="1033" />
              <Title description="Remplissez la capacité de la région" languagecode="1036" />
            </Titles>
          </LocLabel>
          <LocLabel Id="ovs.ovs_cdregionalnop.btnFillCapacity.LabelText">
            <Titles>
              <Title description="Fill Regional Capacity" languagecode="1033" />
              <Title description="Remplissez la capacité de la région" languagecode="1036" />
            </Titles>
          </LocLabel>
          <LocLabel Id="ovs.ovs_cdregionalnop.btnFillCapacity.ToolTipTitle">
            <Titles>
              <Title description="Fill Remaining Regional Capacity With Highest Priority Score Operations." languagecode="1033" />
              <Title description="Remplissez la capacité restante avec les opérations qui ont les scores de priorité les plus élevés." languagecode="1036" />
            </Titles>
          </LocLabel>
          <LocLabel Id="ovs.ovs_cdregionalnop.Button.btnReCalculateTotals.Alt">
            <Titles>
              <Title description="Recalculez les totaux" languagecode="1036" />
              <Title description="Recalculez les totaux" languagecode="1033" />
            </Titles>
          </LocLabel>
          <LocLabel Id="ovs.ovs_cdregionalnop.Button.btnReCalculateTotals.LabelText">
            <Titles>
              <Title description="Recalculate Totals" languagecode="1033" />
              <Title description="Recalculez les totaux" languagecode="1036" />
            </Titles>
          </LocLabel>
          <LocLabel Id="ovs.ovs_cdregionalnop.Button.btnReCalculateTotals.ToolTipTitle">
            <Titles>
              <Title description="Recalculate WOC Totals" languagecode="1033" />
              <Title description=" Recalculez les totaux pour les candidats à l'ordre de travail." languagecode="1036" />
            </Titles>
          </LocLabel>
          <LocLabel Id="ovs.ovs_cdregionalnop.Button.GenerateWO.Alt">
            <Titles>
              <Title description="Generate Work Orders" languagecode="1033" />
              <Title description="Générez les ordres de travail" languagecode="1036" />
            </Titles>
          </LocLabel>
          <LocLabel Id="ovs.ovs_cdregionalnop.Button.GenerateWO.LabelText">
            <Titles>
              <Title description="Generate Work Orders" languagecode="1033" />
              <Title description="Générez les ordres de travail" languagecode="1036" />
            </Titles>
          </LocLabel>
          <LocLabel Id="ovs.ovs_cdregionalnop.Button.GenerateWO.ToolTipTitle">
            <Titles>
              <Title description="Generate the Work Orders based on the Line of Business NOP" languagecode="1033" />
              <Title description="Générez les ordres de travail en fonction du PNS secteur d'activité" languagecode="1036" />
            </Titles>
          </LocLabel>
        </LocLabels>
      </RibbonDiffXml>
    </Entity>
    <Entity>
      <Name LocalizedName="MOC" OriginalName="MOC">ovs_MOC</Name>
      <EntityInfo>
        <entity Name="ovs_MOC">
          <LocalizedNames>
            <LocalizedName description="MOC" languagecode="1033" />
          </LocalizedNames>
          <LocalizedCollectionNames>
            <LocalizedCollectionName description="MOCS" languagecode="1033" />
          </LocalizedCollectionNames>
          <Descriptions>
            <Description description="" languagecode="1033" />
          </Descriptions>
          <attributes>
            <attribute PhysicalName="ovs_moc_capacity_cd">
              <Type>picklist</Type>
              <Name>ovs_moc_capacity_cd</Name>
              <LogicalName>ovs_moc_capacity_cd</LogicalName>
              <RequiredLevel>none</RequiredLevel>
              <DisplayMask>ValidForAdvancedFind|ValidForForm|ValidForGrid</DisplayMask>
              <ImeMode>auto</ImeMode>
              <ValidForUpdateApi>1</ValidForUpdateApi>
              <ValidForReadApi>1</ValidForReadApi>
              <ValidForCreateApi>1</ValidForCreateApi>
              <IsCustomField>1</IsCustomField>
              <IsAuditEnabled>1</IsAuditEnabled>
              <IsSecured>0</IsSecured>
              <IntroducedVersion>1.0.0.1</IntroducedVersion>
              <IsCustomizable>1</IsCustomizable>
              <IsRenameable>1</IsRenameable>
              <CanModifySearchSettings>1</CanModifySearchSettings>
              <CanModifyRequirementLevelSettings>1</CanModifyRequirementLevelSettings>
              <CanModifyAdditionalSettings>1</CanModifyAdditionalSettings>
              <SourceType>0</SourceType>
              <IsGlobalFilterEnabled>0</IsGlobalFilterEnabled>
              <IsSortableEnabled>0</IsSortableEnabled>
              <CanModifyGlobalFilterSettings>1</CanModifyGlobalFilterSettings>
              <CanModifyIsSortableSettings>1</CanModifyIsSortableSettings>
              <IsDataSourceSecret>0</IsDataSourceSecret>
              <AutoNumberFormat></AutoNumberFormat>
              <IsSearchable>0</IsSearchable>
              <IsFilterable>0</IsFilterable>
              <IsRetrievable>0</IsRetrievable>
              <IsLocalizable>0</IsLocalizable>
              <AppDefaultValue>-1</AppDefaultValue>
              <OptionSetName>ovs_moccapacity</OptionSetName>
              <displaynames>
                <displayname description="MOC Capacity" languagecode="1033" />
                <displayname description="Capacité du contenant" languagecode="1036" />
              </displaynames>
              <Descriptions>
                <Description description="" languagecode="1033" />
                <Description description="" languagecode="1036" />
              </Descriptions>
            </attribute>
            <attribute PhysicalName="ovs_package_type_cd">
              <Type>picklist</Type>
              <Name>ovs_package_type_cd</Name>
              <LogicalName>ovs_package_type_cd</LogicalName>
              <RequiredLevel>none</RequiredLevel>
              <DisplayMask>ValidForAdvancedFind|ValidForForm|ValidForGrid</DisplayMask>
              <ImeMode>auto</ImeMode>
              <ValidForUpdateApi>1</ValidForUpdateApi>
              <ValidForReadApi>1</ValidForReadApi>
              <ValidForCreateApi>1</ValidForCreateApi>
              <IsCustomField>1</IsCustomField>
              <IsAuditEnabled>1</IsAuditEnabled>
              <IsSecured>0</IsSecured>
              <IntroducedVersion>1.0.0.0</IntroducedVersion>
              <IsCustomizable>1</IsCustomizable>
              <IsRenameable>1</IsRenameable>
              <CanModifySearchSettings>1</CanModifySearchSettings>
              <CanModifyRequirementLevelSettings>1</CanModifyRequirementLevelSettings>
              <CanModifyAdditionalSettings>1</CanModifyAdditionalSettings>
              <SourceType>0</SourceType>
              <IsGlobalFilterEnabled>0</IsGlobalFilterEnabled>
              <IsSortableEnabled>0</IsSortableEnabled>
              <CanModifyGlobalFilterSettings>1</CanModifyGlobalFilterSettings>
              <CanModifyIsSortableSettings>1</CanModifyIsSortableSettings>
              <IsDataSourceSecret>0</IsDataSourceSecret>
              <AutoNumberFormat></AutoNumberFormat>
              <IsSearchable>0</IsSearchable>
              <IsFilterable>0</IsFilterable>
              <IsRetrievable>0</IsRetrievable>
              <IsLocalizable>0</IsLocalizable>
              <AppDefaultValue>-1</AppDefaultValue>
              <OptionSetName>ovs_packagetype</OptionSetName>
              <displaynames>
                <displayname description="Package Type" languagecode="1033" />
              </displaynames>
              <Descriptions>
                <Description description="" languagecode="1033" />
              </Descriptions>
            </attribute>
          </attributes>
          <EntitySetName>ovs_mocs</EntitySetName>
          <IsDuplicateCheckSupported>1</IsDuplicateCheckSupported>
          <IsBusinessProcessEnabled>0</IsBusinessProcessEnabled>
          <IsRequiredOffline>0</IsRequiredOffline>
          <IsInteractionCentricEnabled>0</IsInteractionCentricEnabled>
          <IsCollaboration>0</IsCollaboration>
          <AutoRouteToOwnerQueue>0</AutoRouteToOwnerQueue>
          <IsConnectionsEnabled>0</IsConnectionsEnabled>
          <EntityColor></EntityColor>
          <IsDocumentManagementEnabled>0</IsDocumentManagementEnabled>
          <AutoCreateAccessTeams>0</AutoCreateAccessTeams>
          <IsOneNoteIntegrationEnabled>0</IsOneNoteIntegrationEnabled>
          <IsKnowledgeManagementEnabled>0</IsKnowledgeManagementEnabled>
          <IsSLAEnabled>0</IsSLAEnabled>
          <IsDocumentRecommendationsEnabled>0</IsDocumentRecommendationsEnabled>
          <IsBPFEntity>0</IsBPFEntity>
          <OwnershipTypeMask>UserOwned</OwnershipTypeMask>
          <IsAuditEnabled>1</IsAuditEnabled>
          <IsRetrieveAuditEnabled>0</IsRetrieveAuditEnabled>
          <IsRetrieveMultipleAuditEnabled>0</IsRetrieveMultipleAuditEnabled>
          <IsActivity>0</IsActivity>
          <ActivityTypeMask></ActivityTypeMask>
          <IsActivityParty>0</IsActivityParty>
          <IsReplicated>0</IsReplicated>
          <IsReplicationUserFiltered>0</IsReplicationUserFiltered>
          <IsMailMergeEnabled>1</IsMailMergeEnabled>
          <IsVisibleInMobile>0</IsVisibleInMobile>
          <IsVisibleInMobileClient>0</IsVisibleInMobileClient>
          <IsReadOnlyInMobileClient>0</IsReadOnlyInMobileClient>
          <IsOfflineInMobileClient>0</IsOfflineInMobileClient>
          <DaysSinceRecordLastModified>0</DaysSinceRecordLastModified>
          <MobileOfflineFilters></MobileOfflineFilters>
          <IsMapiGridEnabled>1</IsMapiGridEnabled>
          <IsReadingPaneEnabled>1</IsReadingPaneEnabled>
          <IsQuickCreateEnabled>0</IsQuickCreateEnabled>
          <SyncToExternalSearchIndex>0</SyncToExternalSearchIndex>
          <IntroducedVersion>1.0</IntroducedVersion>
          <IsCustomizable>1</IsCustomizable>
          <IsRenameable>1</IsRenameable>
          <IsMappable>1</IsMappable>
          <CanModifyAuditSettings>1</CanModifyAuditSettings>
          <CanModifyMobileVisibility>1</CanModifyMobileVisibility>
          <CanModifyMobileClientVisibility>1</CanModifyMobileClientVisibility>
          <CanModifyMobileClientReadOnly>1</CanModifyMobileClientReadOnly>
          <CanModifyMobileClientOffline>1</CanModifyMobileClientOffline>
          <CanModifyConnectionSettings>1</CanModifyConnectionSettings>
          <CanModifyDuplicateDetectionSettings>1</CanModifyDuplicateDetectionSettings>
          <CanModifyMailMergeSettings>1</CanModifyMailMergeSettings>
          <CanModifyQueueSettings>1</CanModifyQueueSettings>
          <CanCreateAttributes>1</CanCreateAttributes>
          <CanCreateForms>1</CanCreateForms>
          <CanCreateCharts>1</CanCreateCharts>
          <CanCreateViews>1</CanCreateViews>
          <CanModifyAdditionalSettings>1</CanModifyAdditionalSettings>
          <CanEnableSyncToExternalSearchIndex>1</CanEnableSyncToExternalSearchIndex>
          <IconVectorName></IconVectorName>
          <EnforceStateTransitions>0</EnforceStateTransitions>
          <CanChangeHierarchicalRelationship>1</CanChangeHierarchicalRelationship>
          <EntityHelpUrlEnabled>0</EntityHelpUrlEnabled>
          <EntityHelpUrl></EntityHelpUrl>
          <ChangeTrackingEnabled>0</ChangeTrackingEnabled>
          <CanChangeTrackingBeEnabled>1</CanChangeTrackingBeEnabled>
          <IsEnabledForExternalChannels>0</IsEnabledForExternalChannels>
          <IsMSTeamsIntegrationEnabled>0</IsMSTeamsIntegrationEnabled>
          <IsSolutionAware>0</IsSolutionAware>
        </entity>
      </EntityInfo>
      <RibbonDiffXml>
        <CustomActions>
          <HideCustomAction HideActionId="ovs.Mscrm.Form.ovs_moc.NewRecord.Hide" Location="Mscrm.Form.ovs_moc.NewRecord" />
          <HideCustomAction HideActionId="ovs.Mscrm.Form.ovs_moc.NewRecordForBPFEntity.Hide" Location="Mscrm.Form.ovs_moc.NewRecordForBPFEntity" />
          <HideCustomAction HideActionId="ovs.Mscrm.Form.ovs_moc.SaveAndNew.Hide" Location="Mscrm.Form.ovs_moc.SaveAndNew" />
          <HideCustomAction HideActionId="ovs.Mscrm.HomepageGrid.ovs_moc.NewRecord.Hide" Location="Mscrm.HomepageGrid.ovs_moc.NewRecord" />
          <HideCustomAction HideActionId="ovs.Mscrm.HomepageGrid.ovs_moc.NewRecordForBPFEntity.Hide" Location="Mscrm.HomepageGrid.ovs_moc.NewRecordForBPFEntity" />
        </CustomActions>
        <Templates>
          <RibbonTemplates Id="Mscrm.Templates"></RibbonTemplates>
        </Templates>
        <CommandDefinitions />
        <RuleDefinitions>
          <TabDisplayRules />
          <DisplayRules />
          <EnableRules />
        </RuleDefinitions>
        <LocLabels />
      </RibbonDiffXml>
    </Entity>
  </Entities>
  <Roles></Roles>
  <Workflows></Workflows>
  <FieldSecurityProfiles></FieldSecurityProfiles>
  <Templates />
  <EntityMaps />
  <EntityRelationships />
  <OrganizationSettings />
  <optionsets>
    <optionset Name="ovs_moccapacity" localizedName="MOC Capacity">
      <OptionSetType>picklist</OptionSetType>
      <IsGlobal>1</IsGlobal>
      <IntroducedVersion>1.0.0.0</IntroducedVersion>
      <IsCustomizable>1</IsCustomizable>
      <ExternalTypeName></ExternalTypeName>
      <displaynames>
        <displayname description="MOC Capacity" languagecode="1033" />
      </displaynames>
      <Descriptions>
        <Description description="" languagecode="1033" />
      </Descriptions>
      <options>
        <option value="1" ExternalValue="" IsHidden="0">
          <labels>
            <label description="Package - Small Container (Less or equal to 449 litres/Kilograms)" languagecode="1033" />
            <label description="Paqet - Petit conteneur (Moins de 450 litres / kilogrammes)" languagecode="1036" />
          </labels>
          <Descriptions>
            <Description description="" languagecode="1033" />
          </Descriptions>
        </option>
        <option value="2" ExternalValue="" IsHidden="0">
          <labels>
            <label description="Bulk - Large Container (Equal to or more than 450 litres/Kilograms)" languagecode="1033" />
            <label description="Vrac - Grand récipent (plus que 450 litres / kilogrammes)" languagecode="1036" />
          </labels>
          <Descriptions>
            <Description description="" languagecode="1033" />
          </Descriptions>
        </option>
        <option value="3" ExternalValue="" IsHidden="0">
          <labels>
            <label description="Freight Container(20 ft or 40 ft Long)" languagecode="1033" />
            <label description="Conteneur de fret (20 ou 40 pieds)" languagecode="1036" />
          </labels>
          <Descriptions>
            <Description description="" languagecode="1033" />
          </Descriptions>
        </option>
        <option value="4" ExternalValue="" IsHidden="0">
          <labels>
            <label description="Other Cargo" languagecode="1033" />
            <label description="Autre cargo" languagecode="1036" />
          </labels>
          <Descriptions>
            <Description description="" languagecode="1033" />
          </Descriptions>
        </option>
        <option value="5" ExternalValue="" IsHidden="0">
          <labels>
            <label description="Unknown" languagecode="1033" />
            <label description="Inconnu" languagecode="1036" />
          </labels>
          <Descriptions>
            <Description description="" languagecode="1033" />
          </Descriptions>
        </option>
      </options>
    </optionset>
    <optionset Name="ovs_packagetype" localizedName="Package Type">
      <OptionSetType>picklist</OptionSetType>
      <IsGlobal>1</IsGlobal>
      <IntroducedVersion>1.0.0.0</IntroducedVersion>
      <IsCustomizable>1</IsCustomizable>
      <ExternalTypeName></ExternalTypeName>
      <displaynames>
        <displayname description="Package Type" languagecode="1033" />
        <displayname description="Type d'emballage" languagecode="1036" />
      </displaynames>
      <Descriptions>
        <Description description="" languagecode="1033" />
      </Descriptions>
      <options>
        <option value="1" ExternalValue="" IsHidden="0">
          <labels>
            <label description="Bags" languagecode="1033" />
            <label description="Sacs" languagecode="1036" />
          </labels>
          <Descriptions>
            <Description description="" languagecode="1033" />
          </Descriptions>
        </option>
        <option value="2" ExternalValue="" IsHidden="0">
          <labels>
            <label description="Barrels" languagecode="1033" />
            <label description="Barils" languagecode="1036" />
          </labels>
          <Descriptions>
            <Description description="" languagecode="1033" />
          </Descriptions>
        </option>
        <option value="3" ExternalValue="" IsHidden="0">
          <labels>
            <label description="Boxes" languagecode="1033" />
            <label description="Boîtes" languagecode="1036" />
          </labels>
          <Descriptions>
            <Description description="" languagecode="1033" />
          </Descriptions>
        </option>
        <option value="4" ExternalValue="" IsHidden="0">
          <labels>
            <label description="Bottles" languagecode="1033" />
            <label description="Bouteilles" languagecode="1036" />
          </labels>
          <Descriptions>
            <Description description="" languagecode="1033" />
          </Descriptions>
        </option>
        <option value="5" ExternalValue="" IsHidden="0">
          <labels>
            <label description="Bulk" languagecode="1033" />
            <label description="En gros" languagecode="1036" />
          </labels>
          <Descriptions>
            <Description description="" languagecode="1033" />
          </Descriptions>
        </option>
        <option value="6" ExternalValue="" IsHidden="0">
          <labels>
            <label description="Jars" languagecode="1033" />
            <label description="Pots" languagecode="1036" />
          </labels>
          <Descriptions>
            <Description description="" languagecode="1033" />
          </Descriptions>
        </option>
        <option value="7" ExternalValue="" IsHidden="0">
          <labels>
            <label description="Carboys" languagecode="1033" />
            <label description="Bonbonnes" languagecode="1036" />
          </labels>
          <Descriptions>
            <Description description="" languagecode="1033" />
          </Descriptions>
        </option>
        <option value="8" ExternalValue="" IsHidden="0">
          <labels>
            <label description="Bales" languagecode="1033" />
            <label description="Balles" languagecode="1036" />
          </labels>
          <Descriptions>
            <Description description="" languagecode="1033" />
          </Descriptions>
        </option>
        <option value="9" ExternalValue="" IsHidden="0">
          <labels>
            <label description="Bins" languagecode="1033" />
            <label description="Bacs" languagecode="1036" />
          </labels>
          <Descriptions>
            <Description description="" languagecode="1033" />
          </Descriptions>
        </option>
        <option value="10" ExternalValue="" IsHidden="0">
          <labels>
            <label description="Cans" languagecode="1033" />
            <label description=" Contenants aérosols" languagecode="1036" />
          </labels>
          <Descriptions>
            <Description description="" languagecode="1033" />
          </Descriptions>
        </option>
        <option value="11" ExternalValue="" IsHidden="0">
          <labels>
            <label description="Cartons" languagecode="1033" />
            <label description="Boîtes de carton" languagecode="1036" />
          </labels>
          <Descriptions>
            <Description description="" languagecode="1033" />
          </Descriptions>
        </option>
        <option value="12" ExternalValue="" IsHidden="0">
          <labels>
            <label description="Cases" languagecode="1033" />
            <label description="Coffres" languagecode="1036" />
          </labels>
          <Descriptions>
            <Description description="" languagecode="1033" />
          </Descriptions>
        </option>
        <option value="13" ExternalValue="" IsHidden="0">
          <labels>
            <label description="Containers" languagecode="1033" />
            <label description="Contenants" languagecode="1036" />
          </labels>
          <Descriptions>
            <Description description="" languagecode="1033" />
          </Descriptions>
        </option>
        <option value="14" ExternalValue="" IsHidden="0">
          <labels>
            <label description="Crates" languagecode="1033" />
            <label description="Caisses" languagecode="1036" />
          </labels>
          <Descriptions>
            <Description description="" languagecode="1033" />
          </Descriptions>
        </option>
        <option value="15" ExternalValue="" IsHidden="0">
          <labels>
            <label description="Cylinders" languagecode="1033" />
            <label description="Bouteilles à gaz" languagecode="1036" />
          </labels>
          <Descriptions>
            <Description description="" languagecode="1033" />
          </Descriptions>
        </option>
        <option value="16" ExternalValue="" IsHidden="0">
          <labels>
            <label description="Cartridges" languagecode="1033" />
            <label description="Cartouches" languagecode="1036" />
          </labels>
          <Descriptions>
            <Description description="" languagecode="1033" />
          </Descriptions>
        </option>
        <option value="17" ExternalValue="" IsHidden="0">
          <labels>
            <label description="Drums" languagecode="1033" />
            <label description="Fûts" languagecode="1036" />
          </labels>
          <Descriptions>
            <Description description="" languagecode="1033" />
          </Descriptions>
        </option>
        <option value="18" ExternalValue="" IsHidden="0">
          <labels>
            <label description="Jugs" languagecode="1033" />
            <label description="Cruches" languagecode="1036" />
          </labels>
          <Descriptions>
            <Description description="" languagecode="1033" />
          </Descriptions>
        </option>
        <option value="19" ExternalValue="" IsHidden="0">
          <labels>
            <label description="Miscellaneous Packages (Includes Envelopes, Mail Bags and Parcels)" languagecode="1033" />
            <label description="Colis divers (comprend les enveloppes, le courrier, les sacs et les colis)" languagecode="1036" />
          </labels>
          <Descriptions>
            <Description description="" languagecode="1033" />
          </Descriptions>
        </option>
        <option value="20" ExternalValue="" IsHidden="0">
          <labels>
            <label description="Pails" languagecode="1033" />
            <label description="Seaux" languagecode="1036" />
          </labels>
          <Descriptions>
            <Description description="" languagecode="1033" />
          </Descriptions>
        </option>
        <option value="21" ExternalValue="" IsHidden="0">
          <labels>
            <label description="Tanks" languagecode="1033" />
            <label description="Réservoirs" languagecode="1036" />
          </labels>
          <Descriptions>
            <Description description="" languagecode="1033" />
          </Descriptions>
        </option>
        <option value="22" ExternalValue="" IsHidden="0">
          <labels>
            <label description="Vials" languagecode="1033" />
            <label description="Flacons" languagecode="1036" />
          </labels>
          <Descriptions>
            <Description description="" languagecode="1033" />
          </Descriptions>
        </option>
        <option value="23" ExternalValue="" IsHidden="0">
          <labels>
            <label description="Pallets/Skids" languagecode="1033" />
            <label description="Palettes" languagecode="1036" />
          </labels>
          <Descriptions>
            <Description description="" languagecode="1033" />
          </Descriptions>
        </option>
        <option value="24" ExternalValue="" IsHidden="0">
          <labels>
            <label description="Transformer" languagecode="1033" />
            <label description="Transformateur" languagecode="1036" />
          </labels>
          <Descriptions>
            <Description description="" languagecode="1033" />
          </Descriptions>
        </option>
        <option value="25" ExternalValue="" IsHidden="0">
          <labels>
            <label description="Baggage" languagecode="1033" />
            <label description="Baggages" languagecode="1036" />
          </labels>
          <Descriptions>
            <Description description="" languagecode="1033" />
          </Descriptions>
        </option>
        <option value="26" ExternalValue="" IsHidden="0">
          <labels>
            <label description="Equipment or Appliances with Batteries" languagecode="1033" />
            <label description="Équipements ou appareils avec piles" languagecode="1036" />
          </labels>
          <Descriptions>
            <Description description="" languagecode="1033" />
          </Descriptions>
        </option>
        <option value="27" ExternalValue="" IsHidden="0">
          <labels>
            <label description="Tote Tanks" languagecode="1033" />
            <label description="Bacs citernes" languagecode="1036" />
          </labels>
          <Descriptions>
            <Description description="" languagecode="1033" />
          </Descriptions>
        </option>
        <option value="28" ExternalValue="" IsHidden="0">
          <labels>
            <label description="Jerrican" languagecode="1033" />
            <label description="Jerrican" languagecode="1036" />
          </labels>
          <Descriptions>
            <Description description="" languagecode="1033" />
          </Descriptions>
        </option>
        <option value="29" ExternalValue="" IsHidden="0">
          <labels>
            <label description="Other (Includes Generator, Pipeline Camera, Cargo, Engine)" languagecode="1033" />
            <label description="Autre (comprend un générateur, une caméra de pipeline, une cargaison, un moteur)" languagecode="1036" />
          </labels>
          <Descriptions>
            <Description description="" languagecode="1033" />
          </Descriptions>
        </option>
        <option value="30" ExternalValue="" IsHidden="0">
          <labels>
            <label description="Unknown" languagecode="1033" />
            <label description="Inconnu" languagecode="1036" />
          </labels>
          <Descriptions>
            <Description description="" languagecode="1033" />
          </Descriptions>
        </option>
      </options>
    </optionset>
  </optionsets>
  <WebResources>
    <WebResource>
      <WebResourceId>{0f59c00b-0217-ec11-b6e7-000d3ae8ef7b}</WebResourceId>
      <Name>ovs_RegionalNOPMainForm</Name>
      <DisplayName>Regional NOP Main Form</DisplayName>
      <WebResourceType>3</WebResourceType>
      <IntroducedVersion>1.0.0.0</IntroducedVersion>
      <IsEnabledForMobileClient>0</IsEnabledForMobileClient>
      <IsAvailableForMobileOffline>0</IsAvailableForMobileOffline>
      <DependencyXml>&lt;Dependencies&gt;&lt;Dependency componentType="WebResource"/&gt;&lt;/Dependencies&gt;</DependencyXml>
      <IsCustomizable>1</IsCustomizable>
      <CanBeDeleted>1</CanBeDeleted>
      <IsHidden>0</IsHidden>
      <FileName>/WebResources/ovs_RegionalNOPMainForm0F59C00B-0217-EC11-B6E7-000D3AE8EF7B</FileName>
    </WebResource>
  </WebResources>
  <CustomControls />
  <EntityDataProviders />
  <Languages>
    <Language>1033</Language>
    <Language>1036</Language>
  </Languages>
</ImportExportXml>