<ImportExportXml xmlns:xsi="http://www.w3.org/2001/XMLSchema-instance" OrganizationVersion="9.2.24113.188" OrganizationSchemaType="Full" CRMServerServiceabilityVersion="9.2.24113.00188">
  <Entities>
    <Entity>
      <Name LocalizedName="Incident" OriginalName="Incident">ovs_Incident</Name>
      <EntityInfo>
        <entity Name="ovs_Incident">
          <attributes>
            <attribute PhysicalName="ovs_city_txt">
              <Type>nvarchar</Type>
              <Name>ovs_city_txt</Name>
              <LogicalName>ovs_city_txt</LogicalName>
              <RequiredLevel>none</RequiredLevel>
              <DisplayMask>ValidForAdvancedFind|ValidForForm|ValidForGrid</DisplayMask>
              <ImeMode>auto</ImeMode>
              <ValidForUpdateApi>1</ValidForUpdateApi>
              <ValidForReadApi>1</ValidForReadApi>
              <ValidForCreateApi>1</ValidForCreateApi>
              <IsCustomField>1</IsCustomField>
              <IsAuditEnabled>1</IsAuditEnabled>
              <IsSecured>0</IsSecured>
              <IntroducedVersion>1.0</IntroducedVersion>
              <IsCustomizable>1</IsCustomizable>
              <IsRenameable>1</IsRenameable>
              <CanModifySearchSettings>1</CanModifySearchSettings>
              <CanModifyRequirementLevelSettings>1</CanModifyRequirementLevelSettings>
              <CanModifyAdditionalSettings>1</CanModifyAdditionalSettings>
              <SourceType>0</SourceType>
              <IsGlobalFilterEnabled>0</IsGlobalFilterEnabled>
              <IsSortableEnabled>0</IsSortableEnabled>
              <CanModifyGlobalFilterSettings>1</CanModifyGlobalFilterSettings>
              <CanModifyIsSortableSettings>1</CanModifyIsSortableSettings>
              <IsDataSourceSecret>0</IsDataSourceSecret>
              <AutoNumberFormat></AutoNumberFormat>
              <IsSearchable>0</IsSearchable>
              <IsFilterable>0</IsFilterable>
              <IsRetrievable>0</IsRetrievable>
              <IsLocalizable>0</IsLocalizable>
              <Format>text</Format>
              <MaxLength>80</MaxLength>
              <Length>160</Length>
              <displaynames>
                <displayname description="City" languagecode="1033" />
                <displayname description="Ville" languagecode="1036" />
              </displaynames>
              <Descriptions>
                <Description description="" languagecode="1033" />
                <Description description="" languagecode="1036" />
              </Descriptions>
            </attribute>
            <attribute PhysicalName="ovs_Name">
              <Type>nvarchar</Type>
              <Name>ovs_name</Name>
              <LogicalName>ovs_name</LogicalName>
              <RequiredLevel>none</RequiredLevel>
              <DisplayMask>ActivityPointerRegardingName|PrimaryName|ReadOnlyInUI|ValidForAdvancedFind|ValidForForm|ValidForGrid|RequiredForForm</DisplayMask>
              <ImeMode>auto</ImeMode>
              <ValidForUpdateApi>1</ValidForUpdateApi>
              <ValidForReadApi>1</ValidForReadApi>
              <ValidForCreateApi>1</ValidForCreateApi>
              <IsCustomField>1</IsCustomField>
              <IsAuditEnabled>1</IsAuditEnabled>
              <IsSecured>0</IsSecured>
              <IntroducedVersion>1.0</IntroducedVersion>
              <IsCustomizable>1</IsCustomizable>
              <IsRenameable>1</IsRenameable>
              <CanModifySearchSettings>1</CanModifySearchSettings>
              <CanModifyRequirementLevelSettings>1</CanModifyRequirementLevelSettings>
              <CanModifyAdditionalSettings>1</CanModifyAdditionalSettings>
              <SourceType>0</SourceType>
              <IsGlobalFilterEnabled>0</IsGlobalFilterEnabled>
              <IsSortableEnabled>0</IsSortableEnabled>
              <CanModifyGlobalFilterSettings>1</CanModifyGlobalFilterSettings>
              <CanModifyIsSortableSettings>1</CanModifyIsSortableSettings>
              <IsDataSourceSecret>0</IsDataSourceSecret>
              <AutoNumberFormat>INC-{DATETIMEUTC:yyyy}-{SEQNUM:8}</AutoNumberFormat>
              <IsSearchable>1</IsSearchable>
              <IsFilterable>0</IsFilterable>
              <IsRetrievable>1</IsRetrievable>
              <IsLocalizable>0</IsLocalizable>
              <Format>text</Format>
              <MaxLength>100</MaxLength>
              <Length>200</Length>
              <displaynames>
                <displayname description="Name" languagecode="1033" />
                <displayname description="Nom" languagecode="1036" />
              </displaynames>
              <Descriptions>
                <Description description="" languagecode="1033" />
                <Description description="" languagecode="1036" />
              </Descriptions>
            </attribute>
            <attribute PhysicalName="ovs_state_province_txt">
              <Type>nvarchar</Type>
              <Name>ovs_state_province_txt</Name>
              <LogicalName>ovs_state_province_txt</LogicalName>
              <RequiredLevel>none</RequiredLevel>
              <DisplayMask>ValidForAdvancedFind|ValidForForm|ValidForGrid</DisplayMask>
              <ImeMode>auto</ImeMode>
              <ValidForUpdateApi>1</ValidForUpdateApi>
              <ValidForReadApi>1</ValidForReadApi>
              <ValidForCreateApi>1</ValidForCreateApi>
              <IsCustomField>1</IsCustomField>
              <IsAuditEnabled>1</IsAuditEnabled>
              <IsSecured>0</IsSecured>
              <IntroducedVersion>1.0</IntroducedVersion>
              <IsCustomizable>1</IsCustomizable>
              <IsRenameable>1</IsRenameable>
              <CanModifySearchSettings>1</CanModifySearchSettings>
              <CanModifyRequirementLevelSettings>1</CanModifyRequirementLevelSettings>
              <CanModifyAdditionalSettings>1</CanModifyAdditionalSettings>
              <SourceType>0</SourceType>
              <IsGlobalFilterEnabled>0</IsGlobalFilterEnabled>
              <IsSortableEnabled>0</IsSortableEnabled>
              <CanModifyGlobalFilterSettings>1</CanModifyGlobalFilterSettings>
              <CanModifyIsSortableSettings>1</CanModifyIsSortableSettings>
              <IsDataSourceSecret>0</IsDataSourceSecret>
              <AutoNumberFormat></AutoNumberFormat>
              <IsSearchable>0</IsSearchable>
              <IsFilterable>0</IsFilterable>
              <IsRetrievable>0</IsRetrievable>
              <IsLocalizable>0</IsLocalizable>
              <Format>text</Format>
              <MaxLength>50</MaxLength>
              <Length>100</Length>
              <displaynames>
                <displayname description="State/Province​/Territory" languagecode="1033" />
                <displayname description="État / Province / Territoire" languagecode="1036" />
              </displaynames>
              <Descriptions>
                <Description description="" languagecode="1033" />
                <Description description="" languagecode="1036" />
              </Descriptions>
            </attribute>
          </attributes>
        </entity>
      </EntityInfo>
      <SavedQueries>
        <savedqueries>
          <savedquery>
            <IsCustomizable>1</IsCustomizable>
            <CanBeDeleted>1</CanBeDeleted>
            <isquickfindquery>0</isquickfindquery>
            <isprivate>0</isprivate>
            <isdefault>0</isdefault>
            <savedqueryid>{aa6853b8-399d-ef11-8a69-6045bd5e3aab}</savedqueryid>
            <layoutxml>
              <grid name="resultset" jump="ovs_name" select="1" icon="1" preview="1">
                <row name="result" id="ovs_incidentid">
                  <cell name="ovs_name" width="200" />
                  <cell name="ovs_city_txt" width="150" />
                  <cell name="ovs_state_province_txt" width="176" />
                  <cell name="statecode" width="100" />
                  <cell name="statuscode" width="119" />
                </row>
              </grid>
            </layoutxml>
            <querytype>0</querytype>
            <fetchxml>
              <fetch version="1.0" output-format="xml-platform" mapping="logical" distinct="true">
                <entity name="ovs_incident">
                  <attribute name="ovs_name" />
                  <attribute name="ovs_incidentid" />
                  <attribute name="statecode" />
                  <attribute name="statuscode" />
                  <attribute name="ovs_city_txt" />
                  <attribute name="ovs_state_province_txt" />
                  <filter type="and">
                    <condition attribute="ovs_non_compliant_ind" operator="eq" value="1" />
                  </filter>
                </entity>
              </fetch>
            </fetchxml>
            <IntroducedVersion>1.0.0.0</IntroducedVersion>
            <LocalizedNames>
              <LocalizedName description="Non-Compliant incidents" languagecode="1033" />
            </LocalizedNames>
          </savedquery>
        </savedqueries>
      </SavedQueries>
      <RibbonDiffXml>
        <CustomActions>
          <CustomAction Id="ovs.ovs_incident.Button.Form.CalculateScope.CustomAction" Location="Mscrm.Form.ovs_incident.MainTab.Save.Controls._children" Sequence="38">
            <CommandUIDefinition>
              <Button Command="ovs.ovs_incident.Command.Form.CalculateScope" Id="ovs.ovs_incident.Button.Form.CalculateScope" LabelText="$LocLabels:ovs.ovs_incident.Button.Form.CalculateScope.LabelText" Sequence="38" TemplateAlias="o1" ToolTipDescription="$LocLabels:ovs.ovs_incident.Button.Form.CalculateScope.ToolTipDescription" />
            </CommandUIDefinition>
          </CustomAction>
          <CustomAction Id="ovs.ovs_incident.Button.HomeGrid.CalculateScope.CustomAction" Location="Mscrm.HomepageGrid.ovs_incident.MainTab.Management.Controls._children" Sequence="6">
            <CommandUIDefinition>
              <Button Command="ovs.ovs_incident.Command.HomeGrid.CalculateScope" Id="ovs.ovs_incident.Button.HomeGrid.CalculateScope" LabelText="$LocLabels:ovs.ovs_incident.Button.HomeGrid.CalculateScope.LabelText" Sequence="6" TemplateAlias="o1" ToolTipDescription="$LocLabels:ovs.ovs_incident.Button.HomeGrid.CalculateScope.ToolTipDescription" />
            </CommandUIDefinition>
          </CustomAction>
        </CustomActions>
        <Templates>
          <RibbonTemplates Id="Mscrm.Templates"></RibbonTemplates>
        </Templates>
        <CommandDefinitions />
        <RuleDefinitions>
          <TabDisplayRules />
          <DisplayRules />
          <EnableRules>
            <EnableRule Id="ovs.ovs_incident.EnableRule.ExistingForm">
              <FormStateRule State="Existing" />
            </EnableRule>
            <EnableRule Id="ovs.ovs_incident.EnableRule.SingleSelection">
              <SelectionCountRule AppliesTo="SelectedEntity" Minimum="1" Maximum="1" />
            </EnableRule>
          </EnableRules>
        </RuleDefinitions>
        <LocLabels>
          <LocLabel Id="ovs.ovs_incident.Button.Form.CalculateScope.LabelText">
            <Titles>
              <Title description="Calculate Scope" languagecode="1033" />
              <Title description="Calculate Scope" languagecode="1036" />
            </Titles>
          </LocLabel>
          <LocLabel Id="ovs.ovs_incident.Button.Form.CalculateScope.ToolTipDescription">
            <Titles>
              <Title description="Calculates scope of the Incident" languagecode="1033" />
              <Title description="Calculates scope of the Incident" languagecode="1036" />
            </Titles>
          </LocLabel>
          <LocLabel Id="ovs.ovs_incident.Button.HomeGrid.CalculateScope.LabelText">
            <Titles>
              <Title description="Calculate Scope" languagecode="1033" />
              <Title description="Calculate Scope" languagecode="1036" />
            </Titles>
          </LocLabel>
          <LocLabel Id="ovs.ovs_incident.Button.HomeGrid.CalculateScope.ToolTipDescription">
            <Titles>
              <Title description="Calculates scope of selected Incident" languagecode="1033" />
              <Title description="Calculates scope of selected Incident" languagecode="1036" />
            </Titles>
          </LocLabel>
        </LocLabels>
      </RibbonDiffXml>
    </Entity>
    <Entity>
      <Name LocalizedName="Incident Organization" OriginalName="Incident Organization">ovs_incident_organization</Name>
      <EntityInfo>
        <entity Name="ovs_incident_organization">
          <LocalizedNames>
            <LocalizedName description="Incident Organization" languagecode="1033" />
          </LocalizedNames>
          <LocalizedCollectionNames>
            <LocalizedCollectionName description="Incident Organizations" languagecode="1033" />
          </LocalizedCollectionNames>
          <Descriptions>
            <Description description="Organizations having some involvement in the Incident." languagecode="1033" />
          </Descriptions>
          <attributes />
          <EntitySetName>ovs_incident_organizations</EntitySetName>
          <IsDuplicateCheckSupported>0</IsDuplicateCheckSupported>
          <IsBusinessProcessEnabled>0</IsBusinessProcessEnabled>
          <IsRequiredOffline>0</IsRequiredOffline>
          <IsInteractionCentricEnabled>0</IsInteractionCentricEnabled>
          <IsCollaboration>0</IsCollaboration>
          <AutoRouteToOwnerQueue>0</AutoRouteToOwnerQueue>
          <IsConnectionsEnabled>0</IsConnectionsEnabled>
          <EntityColor></EntityColor>
          <IsDocumentManagementEnabled>0</IsDocumentManagementEnabled>
          <AutoCreateAccessTeams>0</AutoCreateAccessTeams>
          <IsOneNoteIntegrationEnabled>0</IsOneNoteIntegrationEnabled>
          <IsKnowledgeManagementEnabled>0</IsKnowledgeManagementEnabled>
          <IsSLAEnabled>0</IsSLAEnabled>
          <IsDocumentRecommendationsEnabled>0</IsDocumentRecommendationsEnabled>
          <IsBPFEntity>0</IsBPFEntity>
          <OwnershipTypeMask>UserOwned</OwnershipTypeMask>
          <IsAuditEnabled>1</IsAuditEnabled>
          <IsRetrieveAuditEnabled>0</IsRetrieveAuditEnabled>
          <IsRetrieveMultipleAuditEnabled>0</IsRetrieveMultipleAuditEnabled>
          <IsActivity>0</IsActivity>
          <ActivityTypeMask></ActivityTypeMask>
          <IsActivityParty>0</IsActivityParty>
          <IsReplicated>0</IsReplicated>
          <IsReplicationUserFiltered>0</IsReplicationUserFiltered>
          <IsMailMergeEnabled>0</IsMailMergeEnabled>
          <IsVisibleInMobile>0</IsVisibleInMobile>
          <IsVisibleInMobileClient>0</IsVisibleInMobileClient>
          <IsReadOnlyInMobileClient>0</IsReadOnlyInMobileClient>
          <IsOfflineInMobileClient>0</IsOfflineInMobileClient>
          <DaysSinceRecordLastModified>0</DaysSinceRecordLastModified>
          <MobileOfflineFilters></MobileOfflineFilters>
          <IsMapiGridEnabled>1</IsMapiGridEnabled>
          <IsReadingPaneEnabled>1</IsReadingPaneEnabled>
          <IsQuickCreateEnabled>1</IsQuickCreateEnabled>
          <SyncToExternalSearchIndex>0</SyncToExternalSearchIndex>
          <IntroducedVersion>1.0</IntroducedVersion>
          <IsCustomizable>1</IsCustomizable>
          <IsRenameable>1</IsRenameable>
          <IsMappable>1</IsMappable>
          <CanModifyAuditSettings>1</CanModifyAuditSettings>
          <CanModifyMobileVisibility>1</CanModifyMobileVisibility>
          <CanModifyMobileClientVisibility>1</CanModifyMobileClientVisibility>
          <CanModifyMobileClientReadOnly>1</CanModifyMobileClientReadOnly>
          <CanModifyMobileClientOffline>1</CanModifyMobileClientOffline>
          <CanModifyConnectionSettings>1</CanModifyConnectionSettings>
          <CanModifyDuplicateDetectionSettings>1</CanModifyDuplicateDetectionSettings>
          <CanModifyMailMergeSettings>1</CanModifyMailMergeSettings>
          <CanModifyQueueSettings>1</CanModifyQueueSettings>
          <CanCreateAttributes>1</CanCreateAttributes>
          <CanCreateForms>1</CanCreateForms>
          <CanCreateCharts>1</CanCreateCharts>
          <CanCreateViews>1</CanCreateViews>
          <CanModifyAdditionalSettings>1</CanModifyAdditionalSettings>
          <CanEnableSyncToExternalSearchIndex>1</CanEnableSyncToExternalSearchIndex>
          <IconVectorName></IconVectorName>
          <EnforceStateTransitions>0</EnforceStateTransitions>
          <CanChangeHierarchicalRelationship>1</CanChangeHierarchicalRelationship>
          <EntityHelpUrlEnabled>0</EntityHelpUrlEnabled>
          <EntityHelpUrl></EntityHelpUrl>
          <ChangeTrackingEnabled>0</ChangeTrackingEnabled>
          <CanChangeTrackingBeEnabled>1</CanChangeTrackingBeEnabled>
          <IsEnabledForExternalChannels>0</IsEnabledForExternalChannels>
          <IsMSTeamsIntegrationEnabled>0</IsMSTeamsIntegrationEnabled>
          <IsSolutionAware>0</IsSolutionAware>
        </entity>
      </EntityInfo>
      <RibbonDiffXml>
        <CustomActions />
        <Templates>
          <RibbonTemplates Id="Mscrm.Templates"></RibbonTemplates>
        </Templates>
        <CommandDefinitions />
        <RuleDefinitions>
          <TabDisplayRules />
          <DisplayRules />
          <EnableRules />
        </RuleDefinitions>
        <LocLabels />
      </RibbonDiffXml>
    </Entity>
    <Entity>
      <Name LocalizedName="Incident Report" OriginalName="Incident Report">ovs_incident_report</Name>
      <EntityInfo>
        <entity Name="ovs_incident_report">
          <LocalizedNames>
            <LocalizedName description="Incident Report" languagecode="1033" />
            <LocalizedName description="Rapport d’incident" languagecode="1036" />
          </LocalizedNames>
          <LocalizedCollectionNames>
            <LocalizedCollectionName description="Incident Reports" languagecode="1033" />
            <LocalizedCollectionName description="Rapport d’incident" languagecode="1036" />
          </LocalizedCollectionNames>
          <Descriptions>
            <Description description="" languagecode="1033" />
          </Descriptions>
          <attributes />
          <EntitySetName>ovs_incident_reports</EntitySetName>
          <IsDuplicateCheckSupported>0</IsDuplicateCheckSupported>
          <IsBusinessProcessEnabled>0</IsBusinessProcessEnabled>
          <IsRequiredOffline>0</IsRequiredOffline>
          <IsInteractionCentricEnabled>0</IsInteractionCentricEnabled>
          <IsCollaboration>0</IsCollaboration>
          <AutoRouteToOwnerQueue>0</AutoRouteToOwnerQueue>
          <IsConnectionsEnabled>0</IsConnectionsEnabled>
          <EntityColor></EntityColor>
          <IsDocumentManagementEnabled>0</IsDocumentManagementEnabled>
          <AutoCreateAccessTeams>0</AutoCreateAccessTeams>
          <IsOneNoteIntegrationEnabled>0</IsOneNoteIntegrationEnabled>
          <IsKnowledgeManagementEnabled>0</IsKnowledgeManagementEnabled>
          <IsSLAEnabled>0</IsSLAEnabled>
          <IsDocumentRecommendationsEnabled>0</IsDocumentRecommendationsEnabled>
          <IsBPFEntity>0</IsBPFEntity>
          <OwnershipTypeMask>UserOwned</OwnershipTypeMask>
          <IsAuditEnabled>1</IsAuditEnabled>
          <IsRetrieveAuditEnabled>0</IsRetrieveAuditEnabled>
          <IsRetrieveMultipleAuditEnabled>0</IsRetrieveMultipleAuditEnabled>
          <IsActivity>0</IsActivity>
          <ActivityTypeMask></ActivityTypeMask>
          <IsActivityParty>0</IsActivityParty>
          <IsReplicated>0</IsReplicated>
          <IsReplicationUserFiltered>0</IsReplicationUserFiltered>
          <IsMailMergeEnabled>0</IsMailMergeEnabled>
          <IsVisibleInMobile>0</IsVisibleInMobile>
          <IsVisibleInMobileClient>0</IsVisibleInMobileClient>
          <IsReadOnlyInMobileClient>0</IsReadOnlyInMobileClient>
          <IsOfflineInMobileClient>0</IsOfflineInMobileClient>
          <DaysSinceRecordLastModified>0</DaysSinceRecordLastModified>
          <MobileOfflineFilters></MobileOfflineFilters>
          <IsMapiGridEnabled>1</IsMapiGridEnabled>
          <IsReadingPaneEnabled>1</IsReadingPaneEnabled>
          <IsQuickCreateEnabled>0</IsQuickCreateEnabled>
          <SyncToExternalSearchIndex>0</SyncToExternalSearchIndex>
          <IntroducedVersion>1.0</IntroducedVersion>
          <IsCustomizable>1</IsCustomizable>
          <IsRenameable>1</IsRenameable>
          <IsMappable>1</IsMappable>
          <CanModifyAuditSettings>1</CanModifyAuditSettings>
          <CanModifyMobileVisibility>1</CanModifyMobileVisibility>
          <CanModifyMobileClientVisibility>1</CanModifyMobileClientVisibility>
          <CanModifyMobileClientReadOnly>1</CanModifyMobileClientReadOnly>
          <CanModifyMobileClientOffline>1</CanModifyMobileClientOffline>
          <CanModifyConnectionSettings>1</CanModifyConnectionSettings>
          <CanModifyDuplicateDetectionSettings>1</CanModifyDuplicateDetectionSettings>
          <CanModifyMailMergeSettings>1</CanModifyMailMergeSettings>
          <CanModifyQueueSettings>1</CanModifyQueueSettings>
          <CanCreateAttributes>1</CanCreateAttributes>
          <CanCreateForms>1</CanCreateForms>
          <CanCreateCharts>1</CanCreateCharts>
          <CanCreateViews>1</CanCreateViews>
          <CanModifyAdditionalSettings>1</CanModifyAdditionalSettings>
          <CanEnableSyncToExternalSearchIndex>1</CanEnableSyncToExternalSearchIndex>
          <IconVectorName></IconVectorName>
          <EnforceStateTransitions>0</EnforceStateTransitions>
          <CanChangeHierarchicalRelationship>1</CanChangeHierarchicalRelationship>
          <EntityHelpUrlEnabled>0</EntityHelpUrlEnabled>
          <EntityHelpUrl></EntityHelpUrl>
          <ChangeTrackingEnabled>0</ChangeTrackingEnabled>
          <CanChangeTrackingBeEnabled>1</CanChangeTrackingBeEnabled>
          <IsEnabledForExternalChannels>0</IsEnabledForExternalChannels>
          <IsMSTeamsIntegrationEnabled>0</IsMSTeamsIntegrationEnabled>
          <IsSolutionAware>0</IsSolutionAware>
        </entity>
      </EntityInfo>
      <RibbonDiffXml>
        <CustomActions>
          <CustomAction Id="ovs.ovs_incident_report.Button.Form.CloneReport.CustomAction" Location="Mscrm.Form.ovs_incident_report.MainTab.Save.Controls._children" Sequence="42">
            <CommandUIDefinition>
              <Button Command="ovs.ovs_incident_report.Command.Form.CloneReport" Id="ovs.ovs_incident_report.Button.Form.CloneReport" LabelText="$LocLabels:ovs.ovs_incident_report.Button.Form.CloneReport.LabelText" Sequence="42" TemplateAlias="o1" ToolTipDescription="$LocLabels:ovs.ovs_incident_report.Button.Form.CloneReport.ToolTipDescription" />
            </CommandUIDefinition>
          </CustomAction>
          <CustomAction Id="ovs.ovs_incident_report.Button.Form.SetPrimary.CustomAction" Location="Mscrm.Form.ovs_incident_report.MainTab.Save.Controls._children" Sequence="38">
            <CommandUIDefinition>
              <Button Command="ovs.ovs_incident_report.Command.Form.SetPrimary" Id="ovs.ovs_incident_report.Button.Form.SetPrimary" LabelText="$LocLabels:ovs.ovs_incident_report.Button.Form.SetPrimary.LabelText" Sequence="38" TemplateAlias="o1" ToolTipDescription="$LocLabels:ovs.ovs_incident_report.Button.Form.SetPrimary.ToolTipDescription" />
            </CommandUIDefinition>
          </CustomAction>
          <CustomAction Id="ovs.ovs_incident_report.Button.SubGrid.CloneReport.CustomAction" Location="Mscrm.SubGrid.ovs_incident_report.MainTab.Management.Controls._children" Sequence="48">
            <CommandUIDefinition>
              <Button Command="ovs.ovs_incident_report.Command.SubGrid.CloneReport" Id="ovs.ovs_incident_report.Button.SubGrid.CloneReport" LabelText="$LocLabels:ovs.ovs_incident_report.Button.SubGrid.CloneReport.LabelText" Sequence="48" TemplateAlias="o1" ToolTipDescription="$LocLabels:ovs.ovs_incident_report.Button.SubGrid.CloneReport.ToolTipDescription" />
            </CommandUIDefinition>
          </CustomAction>
          <CustomAction Id="ovs.ovs_incident_report.Button.SubGrid.SetPrimary.CustomAction" Location="Mscrm.SubGrid.ovs_incident_report.MainTab.Management.Controls._children" Sequence="45">
            <CommandUIDefinition>
              <Button Command="ovs.ovs_incident_report.Command.SubGrid.SetPrimary" Id="ovs.ovs_incident_report.Button.SubGrid.SetPrimary" LabelText="$LocLabels:ovs.ovs_incident_report.Button.SubGrid.SetPrimary.LabelText" Sequence="45" TemplateAlias="o1" ToolTipDescription="$LocLabels:ovs.ovs_incident_report.Button.SubGrid.SetPrimary.ToolTipDescription" />
            </CommandUIDefinition>
          </CustomAction>
        </CustomActions>
        <Templates>
          <RibbonTemplates Id="Mscrm.Templates"></RibbonTemplates>
        </Templates>
        <CommandDefinitions>
          <CommandDefinition Id="ovs.ovs_incident_report.Command.Form.CloneReport">
            <EnableRules>
              <EnableRule Id="ovs.ovs_incident_report.EnableRule.NotNewForm" />
              <EnableRule Id="ovs.ovs_incident_report.EnableRule.NotAnalystReport" />
            </EnableRules>
            <DisplayRules />
            <Actions>
              <JavaScriptFunction FunctionName="irRibbon.cloneReportForm" Library="$webresource:ovs_incidentReport_ribbon.js">
                <CrmParameter Value="FirstPrimaryItemId" />
                <CrmParameter Value="UserLcid" />
                <CrmParameter Value="PrimaryControl" />
              </JavaScriptFunction>
            </Actions>
          </CommandDefinition>
          <CommandDefinition Id="ovs.ovs_incident_report.Command.Form.SetPrimary">
            <EnableRules>
              <EnableRule Id="ovs.ovs_incident_report.EnableRule.NotNewForm" />
              <EnableRule Id="ovs.ovs_incident_report.EnableRule.NotPrimaryReport" />
              <EnableRule Id="ovs.ovs_incident_report.EnableRule.NotAnalystReport" />
            </EnableRules>
            <DisplayRules />
            <Actions>
              <JavaScriptFunction FunctionName="irRibbon.setReportPrimaryForm" Library="$webresource:ovs_incidentReport_ribbon.js">
                <CrmParameter Value="FirstPrimaryItemId" />
                <CrmParameter Value="UserLcid" />
                <CrmParameter Value="PrimaryControl" />
              </JavaScriptFunction>
            </Actions>
          </CommandDefinition>
          <CommandDefinition Id="ovs.ovs_incident_report.Command.SubGrid.CloneReport">
            <EnableRules>
              <EnableRule Id="ovs.ovs_incident_report.EnableRule.NotNewForm" />
              <EnableRule Id="ovs.ovs_incident_report.EnableRule.SingleSelection" />
              <EnableRule Id="ovs.ovs_incident_report.EnableRule.NotAnalystReport" />
            </EnableRules>
            <DisplayRules />
            <Actions>
              <JavaScriptFunction FunctionName="irRibbon.cloneReportFormGrid" Library="$webresource:ovs_incidentReport_ribbon.js">
                <CrmParameter Value="FirstSelectedItemId" />
                <CrmParameter Value="FirstPrimaryItemId" />
                <CrmParameter Value="UserLcid" />
                <CrmParameter Value="SelectedControl" />
                <CrmParameter Value="PrimaryControl" />
              </JavaScriptFunction>
            </Actions>
          </CommandDefinition>
          <CommandDefinition Id="ovs.ovs_incident_report.Command.SubGrid.SetPrimary">
            <EnableRules>
              <EnableRule Id="ovs.ovs_incident_report.EnableRule.NotNewForm" />
              <EnableRule Id="ovs.ovs_incident_report.EnableRule.SingleSelection" />
              <EnableRule Id="ovs.ovs_incident_report.EnableRule.NotPrimaryReport" />
              <EnableRule Id="ovs.ovs_incident_report.EnableRule.NotAnalystReport" />
            </EnableRules>
            <DisplayRules />
            <Actions>
              <JavaScriptFunction FunctionName="irRibbon.setReportPrimaryGrid" Library="$webresource:ovs_incidentReport_ribbon.js">
                <CrmParameter Value="FirstSelectedItemId" />
                <CrmParameter Value="FirstPrimaryItemId" />
                <CrmParameter Value="UserLcid" />
                <CrmParameter Value="SelectedControl" />
                <CrmParameter Value="PrimaryControl" />
              </JavaScriptFunction>
            </Actions>
          </CommandDefinition>
        </CommandDefinitions>
        <RuleDefinitions>
          <TabDisplayRules />
          <DisplayRules />
          <EnableRules>
            <EnableRule Id="ovs.ovs_incident_report.EnableRule.NotAnalystReport">
              <OrRule>
                <Or>
                  <ValueRule Field="ovs_analyst_report_ind" Value="0" />
                </Or>
                <Or>
                  <ValueRule Field="ovs_analyst_report_ind" Value="null" />
                </Or>
              </OrRule>
            </EnableRule>
            <EnableRule Id="ovs.ovs_incident_report.EnableRule.NotNewForm">
              <FormStateRule State="Existing" />
            </EnableRule>
            <EnableRule Id="ovs.ovs_incident_report.EnableRule.NotPrimaryReport">
              <OrRule>
                <Or>
                  <ValueRule Field="ovs_primary_report_ind" Value="0" />
                </Or>
                <Or>
                  <ValueRule Field="ovs_primary_report_ind" Value="null" />
                </Or>
              </OrRule>
            </EnableRule>
            <EnableRule Id="ovs.ovs_incident_report.EnableRule.SingleSelection">
              <SelectionCountRule AppliesTo="SelectedEntity" Minimum="1" Maximum="1" />
            </EnableRule>
          </EnableRules>
        </RuleDefinitions>
        <LocLabels>
          <LocLabel Id="ovs.ovs_incident_report.Button.Form.CloneReport.LabelText">
            <Titles>
              <Title description="Clone/Merge to Analyst Report" languagecode="1033" />
              <Title description="Cloner ou fusionner avec le rapport d'analyste" languagecode="1036" />
            </Titles>
          </LocLabel>
          <LocLabel Id="ovs.ovs_incident_report.Button.Form.CloneReport.ToolTipDescription">
            <Titles>
              <Title description="Merges current report to Analyst Report, if any, otherwise, clones to a new Analyst Report" languagecode="1033" />
              <Title description="Fusionne la sélection avec le Rapport d'analyste, le cas échéant, sinon, clone dans un nouveau Rapport d'analyste" languagecode="1036" />
            </Titles>
          </LocLabel>
          <LocLabel Id="ovs.ovs_incident_report.Button.Form.SetPrimary.LabelText">
            <Titles>
              <Title description="Set as Primary Report" languagecode="1033" />
              <Title description="Définir en tant que rapport principal" languagecode="1036" />
            </Titles>
          </LocLabel>
          <LocLabel Id="ovs.ovs_incident_report.Button.Form.SetPrimary.ToolTipDescription">
            <Titles>
              <Title description="Sets selected report as primary report" languagecode="1033" />
              <Title description="Définit le rapport sélectionné comme rapport principal" languagecode="1036" />
            </Titles>
          </LocLabel>
          <LocLabel Id="ovs.ovs_incident_report.Button.SubGrid.CloneReport.LabelText">
            <Titles>
              <Title description="Clone/Merge to Analyst Report" languagecode="1033" />
              <Title description="Cloner ou fusionner avec le rapport d'analyste" languagecode="1036" />
            </Titles>
          </LocLabel>
          <LocLabel Id="ovs.ovs_incident_report.Button.SubGrid.CloneReport.ToolTipDescription">
            <Titles>
              <Title description="Merges selected report to Analyst Report, if any, otherwise, clones to a new Analyst Report" languagecode="1033" />
              <Title description="Fusionne la sélection avec le Rapport d'analyste, le cas échéant, sinon, clone dans un nouveau Rapport d'analyste" languagecode="1036" />
            </Titles>
          </LocLabel>
          <LocLabel Id="ovs.ovs_incident_report.Button.SubGrid.SetPrimary.LabelText">
            <Titles>
              <Title description="Set as Primary Report" languagecode="1033" />
              <Title description="Définir en tant que rapport principal" languagecode="1036" />
            </Titles>
          </LocLabel>
          <LocLabel Id="ovs.ovs_incident_report.Button.SubGrid.SetPrimary.ToolTipDescription">
            <Titles>
              <Title description="Sets selected report as primary report" languagecode="1033" />
              <Title description="Définit le rapport sélectionné comme rapport principal" languagecode="1036" />
            </Titles>
          </LocLabel>
        </LocLabels>
      </RibbonDiffXml>
    </Entity>
    <Entity>
      <Name LocalizedName="MOC" OriginalName="MOC">ovs_MOC</Name>
      <EntityInfo>
        <entity Name="ovs_MOC">
          <LocalizedNames>
            <LocalizedName description="MOC" languagecode="1033" />
          </LocalizedNames>
          <LocalizedCollectionNames>
            <LocalizedCollectionName description="MOCS" languagecode="1033" />
          </LocalizedCollectionNames>
          <Descriptions>
            <Description description="" languagecode="1033" />
          </Descriptions>
          <attributes />
          <EntitySetName>ovs_mocs</EntitySetName>
          <IsDuplicateCheckSupported>1</IsDuplicateCheckSupported>
          <IsBusinessProcessEnabled>0</IsBusinessProcessEnabled>
          <IsRequiredOffline>0</IsRequiredOffline>
          <IsInteractionCentricEnabled>0</IsInteractionCentricEnabled>
          <IsCollaboration>0</IsCollaboration>
          <AutoRouteToOwnerQueue>0</AutoRouteToOwnerQueue>
          <IsConnectionsEnabled>0</IsConnectionsEnabled>
          <EntityColor></EntityColor>
          <IsDocumentManagementEnabled>0</IsDocumentManagementEnabled>
          <AutoCreateAccessTeams>0</AutoCreateAccessTeams>
          <IsOneNoteIntegrationEnabled>0</IsOneNoteIntegrationEnabled>
          <IsKnowledgeManagementEnabled>0</IsKnowledgeManagementEnabled>
          <IsSLAEnabled>0</IsSLAEnabled>
          <IsDocumentRecommendationsEnabled>0</IsDocumentRecommendationsEnabled>
          <IsBPFEntity>0</IsBPFEntity>
          <OwnershipTypeMask>UserOwned</OwnershipTypeMask>
          <IsAuditEnabled>1</IsAuditEnabled>
          <IsRetrieveAuditEnabled>0</IsRetrieveAuditEnabled>
          <IsRetrieveMultipleAuditEnabled>0</IsRetrieveMultipleAuditEnabled>
          <IsActivity>0</IsActivity>
          <ActivityTypeMask></ActivityTypeMask>
          <IsActivityParty>0</IsActivityParty>
          <IsReplicated>0</IsReplicated>
          <IsReplicationUserFiltered>0</IsReplicationUserFiltered>
          <IsMailMergeEnabled>1</IsMailMergeEnabled>
          <IsVisibleInMobile>0</IsVisibleInMobile>
          <IsVisibleInMobileClient>0</IsVisibleInMobileClient>
          <IsReadOnlyInMobileClient>0</IsReadOnlyInMobileClient>
          <IsOfflineInMobileClient>0</IsOfflineInMobileClient>
          <DaysSinceRecordLastModified>0</DaysSinceRecordLastModified>
          <MobileOfflineFilters></MobileOfflineFilters>
          <IsMapiGridEnabled>1</IsMapiGridEnabled>
          <IsReadingPaneEnabled>1</IsReadingPaneEnabled>
          <IsQuickCreateEnabled>0</IsQuickCreateEnabled>
          <SyncToExternalSearchIndex>0</SyncToExternalSearchIndex>
          <IntroducedVersion>1.0</IntroducedVersion>
          <IsCustomizable>1</IsCustomizable>
          <IsRenameable>1</IsRenameable>
          <IsMappable>1</IsMappable>
          <CanModifyAuditSettings>1</CanModifyAuditSettings>
          <CanModifyMobileVisibility>1</CanModifyMobileVisibility>
          <CanModifyMobileClientVisibility>1</CanModifyMobileClientVisibility>
          <CanModifyMobileClientReadOnly>1</CanModifyMobileClientReadOnly>
          <CanModifyMobileClientOffline>1</CanModifyMobileClientOffline>
          <CanModifyConnectionSettings>1</CanModifyConnectionSettings>
          <CanModifyDuplicateDetectionSettings>1</CanModifyDuplicateDetectionSettings>
          <CanModifyMailMergeSettings>1</CanModifyMailMergeSettings>
          <CanModifyQueueSettings>1</CanModifyQueueSettings>
          <CanCreateAttributes>1</CanCreateAttributes>
          <CanCreateForms>1</CanCreateForms>
          <CanCreateCharts>1</CanCreateCharts>
          <CanCreateViews>1</CanCreateViews>
          <CanModifyAdditionalSettings>1</CanModifyAdditionalSettings>
          <CanEnableSyncToExternalSearchIndex>1</CanEnableSyncToExternalSearchIndex>
          <IconVectorName></IconVectorName>
          <EnforceStateTransitions>0</EnforceStateTransitions>
          <CanChangeHierarchicalRelationship>1</CanChangeHierarchicalRelationship>
          <EntityHelpUrlEnabled>0</EntityHelpUrlEnabled>
          <EntityHelpUrl></EntityHelpUrl>
          <ChangeTrackingEnabled>0</ChangeTrackingEnabled>
          <CanChangeTrackingBeEnabled>1</CanChangeTrackingBeEnabled>
          <IsEnabledForExternalChannels>0</IsEnabledForExternalChannels>
          <IsMSTeamsIntegrationEnabled>0</IsMSTeamsIntegrationEnabled>
          <IsSolutionAware>0</IsSolutionAware>
        </entity>
      </EntityInfo>
      <RibbonDiffXml>
        <CustomActions>
          <HideCustomAction HideActionId="ovs.Mscrm.Form.ovs_moc.NewRecord.Hide" Location="Mscrm.Form.ovs_moc.NewRecord" />
          <HideCustomAction HideActionId="ovs.Mscrm.Form.ovs_moc.NewRecordForBPFEntity.Hide" Location="Mscrm.Form.ovs_moc.NewRecordForBPFEntity" />
          <HideCustomAction HideActionId="ovs.Mscrm.Form.ovs_moc.SaveAndNew.Hide" Location="Mscrm.Form.ovs_moc.SaveAndNew" />
          <HideCustomAction HideActionId="ovs.Mscrm.HomepageGrid.ovs_moc.NewRecord.Hide" Location="Mscrm.HomepageGrid.ovs_moc.NewRecord" />
          <HideCustomAction HideActionId="ovs.Mscrm.HomepageGrid.ovs_moc.NewRecordForBPFEntity.Hide" Location="Mscrm.HomepageGrid.ovs_moc.NewRecordForBPFEntity" />
        </CustomActions>
        <Templates>
          <RibbonTemplates Id="Mscrm.Templates"></RibbonTemplates>
        </Templates>
        <CommandDefinitions />
        <RuleDefinitions>
          <TabDisplayRules />
          <DisplayRules />
          <EnableRules />
        </RuleDefinitions>
        <LocLabels />
      </RibbonDiffXml>
    </Entity>
    <Entity>
      <Name LocalizedName="MOC Dangerous Good" OriginalName="MOC Dangerous Good">ovs_MOC_DangerousGood</Name>
      <EntityInfo>
        <entity Name="ovs_MOC_DangerousGood">
          <LocalizedNames>
            <LocalizedName description="MOC Dangerous Good" languagecode="1033" />
          </LocalizedNames>
          <LocalizedCollectionNames>
            <LocalizedCollectionName description="MOC Dangerous Goods" languagecode="1033" />
          </LocalizedCollectionNames>
          <Descriptions>
            <Description description="" languagecode="1033" />
          </Descriptions>
          <attributes>
            <attribute PhysicalName="ovs_released_quantity_num">
              <Type>decimal</Type>
              <Name>ovs_released_quantity_num</Name>
              <LogicalName>ovs_released_quantity_num</LogicalName>
              <RequiredLevel>none</RequiredLevel>
              <DisplayMask>ValidForAdvancedFind|ValidForForm|ValidForGrid</DisplayMask>
              <ImeMode>auto</ImeMode>
              <ValidForUpdateApi>1</ValidForUpdateApi>
              <ValidForReadApi>1</ValidForReadApi>
              <ValidForCreateApi>1</ValidForCreateApi>
              <IsCustomField>1</IsCustomField>
              <IsAuditEnabled>1</IsAuditEnabled>
              <IsSecured>0</IsSecured>
              <IntroducedVersion>1.0</IntroducedVersion>
              <IsCustomizable>1</IsCustomizable>
              <IsRenameable>1</IsRenameable>
              <CanModifySearchSettings>1</CanModifySearchSettings>
              <CanModifyRequirementLevelSettings>1</CanModifyRequirementLevelSettings>
              <CanModifyAdditionalSettings>1</CanModifyAdditionalSettings>
              <SourceType>0</SourceType>
              <IsGlobalFilterEnabled>0</IsGlobalFilterEnabled>
              <IsSortableEnabled>0</IsSortableEnabled>
              <CanModifyGlobalFilterSettings>1</CanModifyGlobalFilterSettings>
              <CanModifyIsSortableSettings>1</CanModifyIsSortableSettings>
              <IsDataSourceSecret>0</IsDataSourceSecret>
              <AutoNumberFormat></AutoNumberFormat>
              <IsSearchable>0</IsSearchable>
              <IsFilterable>0</IsFilterable>
              <IsRetrievable>0</IsRetrievable>
              <IsLocalizable>0</IsLocalizable>
              <MinValue>0</MinValue>
              <MaxValue>100000000000</MaxValue>
              <Accuracy>2</Accuracy>
              <displaynames>
                <displayname description="Released Quantity" languagecode="1033" />
                <displayname description="Quantité rejetée" languagecode="1036" />
              </displaynames>
              <Descriptions>
                <Description description="" languagecode="1033" />
                <Description description="" languagecode="1036" />
              </Descriptions>
            </attribute>
          </attributes>
          <EntitySetName>ovs_moc_dangerousgoods</EntitySetName>
          <IsDuplicateCheckSupported>0</IsDuplicateCheckSupported>
          <IsBusinessProcessEnabled>0</IsBusinessProcessEnabled>
          <IsRequiredOffline>0</IsRequiredOffline>
          <IsInteractionCentricEnabled>0</IsInteractionCentricEnabled>
          <IsCollaboration>0</IsCollaboration>
          <AutoRouteToOwnerQueue>0</AutoRouteToOwnerQueue>
          <IsConnectionsEnabled>0</IsConnectionsEnabled>
          <EntityColor></EntityColor>
          <IsDocumentManagementEnabled>0</IsDocumentManagementEnabled>
          <AutoCreateAccessTeams>0</AutoCreateAccessTeams>
          <IsOneNoteIntegrationEnabled>0</IsOneNoteIntegrationEnabled>
          <IsKnowledgeManagementEnabled>0</IsKnowledgeManagementEnabled>
          <IsSLAEnabled>0</IsSLAEnabled>
          <IsDocumentRecommendationsEnabled>0</IsDocumentRecommendationsEnabled>
          <IsBPFEntity>0</IsBPFEntity>
          <OwnershipTypeMask>UserOwned</OwnershipTypeMask>
          <IsAuditEnabled>1</IsAuditEnabled>
          <IsRetrieveAuditEnabled>0</IsRetrieveAuditEnabled>
          <IsRetrieveMultipleAuditEnabled>0</IsRetrieveMultipleAuditEnabled>
          <IsActivity>0</IsActivity>
          <ActivityTypeMask></ActivityTypeMask>
          <IsActivityParty>0</IsActivityParty>
          <IsReplicated>0</IsReplicated>
          <IsReplicationUserFiltered>0</IsReplicationUserFiltered>
          <IsMailMergeEnabled>0</IsMailMergeEnabled>
          <IsVisibleInMobile>0</IsVisibleInMobile>
          <IsVisibleInMobileClient>0</IsVisibleInMobileClient>
          <IsReadOnlyInMobileClient>0</IsReadOnlyInMobileClient>
          <IsOfflineInMobileClient>0</IsOfflineInMobileClient>
          <DaysSinceRecordLastModified>0</DaysSinceRecordLastModified>
          <MobileOfflineFilters></MobileOfflineFilters>
          <IsMapiGridEnabled>1</IsMapiGridEnabled>
          <IsReadingPaneEnabled>1</IsReadingPaneEnabled>
          <IsQuickCreateEnabled>0</IsQuickCreateEnabled>
          <SyncToExternalSearchIndex>0</SyncToExternalSearchIndex>
          <IntroducedVersion>1.0</IntroducedVersion>
          <IsCustomizable>1</IsCustomizable>
          <IsRenameable>1</IsRenameable>
          <IsMappable>1</IsMappable>
          <CanModifyAuditSettings>1</CanModifyAuditSettings>
          <CanModifyMobileVisibility>1</CanModifyMobileVisibility>
          <CanModifyMobileClientVisibility>1</CanModifyMobileClientVisibility>
          <CanModifyMobileClientReadOnly>1</CanModifyMobileClientReadOnly>
          <CanModifyMobileClientOffline>1</CanModifyMobileClientOffline>
          <CanModifyConnectionSettings>1</CanModifyConnectionSettings>
          <CanModifyDuplicateDetectionSettings>1</CanModifyDuplicateDetectionSettings>
          <CanModifyMailMergeSettings>1</CanModifyMailMergeSettings>
          <CanModifyQueueSettings>1</CanModifyQueueSettings>
          <CanCreateAttributes>1</CanCreateAttributes>
          <CanCreateForms>1</CanCreateForms>
          <CanCreateCharts>1</CanCreateCharts>
          <CanCreateViews>1</CanCreateViews>
          <CanModifyAdditionalSettings>1</CanModifyAdditionalSettings>
          <CanEnableSyncToExternalSearchIndex>1</CanEnableSyncToExternalSearchIndex>
          <IconVectorName></IconVectorName>
          <EnforceStateTransitions>0</EnforceStateTransitions>
          <CanChangeHierarchicalRelationship>1</CanChangeHierarchicalRelationship>
          <EntityHelpUrlEnabled>0</EntityHelpUrlEnabled>
          <EntityHelpUrl></EntityHelpUrl>
          <ChangeTrackingEnabled>0</ChangeTrackingEnabled>
          <CanChangeTrackingBeEnabled>1</CanChangeTrackingBeEnabled>
          <IsEnabledForExternalChannels>0</IsEnabledForExternalChannels>
          <IsMSTeamsIntegrationEnabled>0</IsMSTeamsIntegrationEnabled>
          <IsSolutionAware>0</IsSolutionAware>
        </entity>
      </EntityInfo>
      <RibbonDiffXml>
        <CustomActions />
        <Templates>
          <RibbonTemplates Id="Mscrm.Templates"></RibbonTemplates>
        </Templates>
        <CommandDefinitions />
        <RuleDefinitions>
          <TabDisplayRules />
          <DisplayRules />
          <EnableRules />
        </RuleDefinitions>
        <LocLabels />
      </RibbonDiffXml>
    </Entity>
  </Entities>
  <Roles></Roles>
  <Workflows></Workflows>
  <FieldSecurityProfiles></FieldSecurityProfiles>
  <Templates />
  <EntityMaps />
  <EntityRelationships />
  <OrganizationSettings />
  <optionsets />
  <CustomControls />
  <EntityDataProviders />
  <Languages>
    <Language>1033</Language>
    <Language>1036</Language>
  </Languages>
</ImportExportXml>