<ImportExportXml version="9.2.24112.182" SolutionPackageVersion="9.2" languagecode="1033" generatedBy="CrmLive" xmlns:xsi="http://www.w3.org/2001/XMLSchema-instance" OrganizationVersion="9.2.24112.182" OrganizationSchemaType="Full" CRMServerServiceabilityVersion="9.2.24112.00182">
  <SolutionManifest>
    <UniqueName>TC_GlobalCore_Patch_ef96e433</UniqueName>
    <LocalizedNames>
      <LocalizedName description="TDG Core Schema" languagecode="1033" />
    </LocalizedNames>
    <Descriptions>
      <Description description="Patch for TDG Core Schema" languagecode="1033" />
    </Descriptions>
    <ParentUniqueName>TC_GlobalCore</ParentUniqueName>
    <Version>1.167.5.0</Version>
    <Managed>0</Managed>
    <Publisher>
      <UniqueName>oversightpublisher</UniqueName>
      <LocalizedNames>
        <LocalizedName description="Oversight" languagecode="1033" />
      </LocalizedNames>
      <Descriptions>
        <Description description="This is the common solution for AvSec Inspection and TDG Inspection." languagecode="1033" />
      </Descriptions>
      <EMailAddress xsi:nil="true"></EMailAddress>
      <SupportingWebsiteUrl xsi:nil="true"></SupportingWebsiteUrl>
      <CustomizationPrefix>ovs</CustomizationPrefix>
      <CustomizationOptionValuePrefix>91864</CustomizationOptionValuePrefix>
      <Addresses>
        <Address>
          <AddressNumber>1</AddressNumber>
          <AddressTypeCode>1</AddressTypeCode>
          <City xsi:nil="true"></City>
          <County xsi:nil="true"></County>
          <Country xsi:nil="true"></Country>
          <Fax xsi:nil="true"></Fax>
          <FreightTermsCode xsi:nil="true"></FreightTermsCode>
          <ImportSequenceNumber xsi:nil="true"></ImportSequenceNumber>
          <Latitude xsi:nil="true"></Latitude>
          <Line1 xsi:nil="true"></Line1>
          <Line2 xsi:nil="true"></Line2>
          <Line3 xsi:nil="true"></Line3>
          <Longitude xsi:nil="true"></Longitude>
          <Name xsi:nil="true"></Name>
          <PostalCode xsi:nil="true"></PostalCode>
          <PostOfficeBox xsi:nil="true"></PostOfficeBox>
          <PrimaryContactName xsi:nil="true"></PrimaryContactName>
          <ShippingMethodCode>1</ShippingMethodCode>
          <StateOrProvince xsi:nil="true"></StateOrProvince>
          <Telephone1 xsi:nil="true"></Telephone1>
          <Telephone2 xsi:nil="true"></Telephone2>
          <Telephone3 xsi:nil="true"></Telephone3>
          <TimeZoneRuleVersionNumber xsi:nil="true"></TimeZoneRuleVersionNumber>
          <UPSZone xsi:nil="true"></UPSZone>
          <UTCOffset xsi:nil="true"></UTCOffset>
          <UTCConversionTimeZoneCode xsi:nil="true"></UTCConversionTimeZoneCode>
        </Address>
        <Address>
          <AddressNumber>2</AddressNumber>
          <AddressTypeCode>1</AddressTypeCode>
          <City xsi:nil="true"></City>
          <County xsi:nil="true"></County>
          <Country xsi:nil="true"></Country>
          <Fax xsi:nil="true"></Fax>
          <FreightTermsCode xsi:nil="true"></FreightTermsCode>
          <ImportSequenceNumber xsi:nil="true"></ImportSequenceNumber>
          <Latitude xsi:nil="true"></Latitude>
          <Line1 xsi:nil="true"></Line1>
          <Line2 xsi:nil="true"></Line2>
          <Line3 xsi:nil="true"></Line3>
          <Longitude xsi:nil="true"></Longitude>
          <Name xsi:nil="true"></Name>
          <PostalCode xsi:nil="true"></PostalCode>
          <PostOfficeBox xsi:nil="true"></PostOfficeBox>
          <PrimaryContactName xsi:nil="true"></PrimaryContactName>
          <ShippingMethodCode>1</ShippingMethodCode>
          <StateOrProvince xsi:nil="true"></StateOrProvince>
          <Telephone1 xsi:nil="true"></Telephone1>
          <Telephone2 xsi:nil="true"></Telephone2>
          <Telephone3 xsi:nil="true"></Telephone3>
          <TimeZoneRuleVersionNumber xsi:nil="true"></TimeZoneRuleVersionNumber>
          <UPSZone xsi:nil="true"></UPSZone>
          <UTCOffset xsi:nil="true"></UTCOffset>
          <UTCConversionTimeZoneCode xsi:nil="true"></UTCConversionTimeZoneCode>
        </Address>
      </Addresses>
    </Publisher>
    <RootComponents>
      <RootComponent type="1" schemaName="ovs_incident" behavior="2" />
      <RootComponent type="1" schemaName="ovs_incident_organization" behavior="1" />
      <RootComponent type="1" schemaName="ovs_moc" behavior="2" />
      <RootComponent type="61" schemaName="ovs_DGAIS_MOC_MainForm.js" behavior="0" />
    </RootComponents>
    <MissingDependencies>
      <MissingDependency>
        <Required type="1" schemaName="ovs_incident" displayName="Incident" solution="Active" />
        <Dependent type="1" schemaName="ovs_incident" displayName="Incident" />
      </MissingDependency>
      <MissingDependency>
        <Required type="1" schemaName="ovs_incident_organization" displayName="Incident Organization" solution="Active" />
        <Dependent type="1" schemaName="ovs_incident_organization" displayName="Incident Organization" />
      </MissingDependency>
      <MissingDependency>
        <Required type="1" schemaName="ovs_moc" displayName="MOC" solution="Active" />
        <Dependent type="1" schemaName="ovs_moc" displayName="MOC" />
      </MissingDependency>
      <MissingDependency>
        <Required type="1" schemaName="ovs_moc_dangerousgood" displayName="MOC Dangerous Good" solution="Active" />
        <Dependent type="60" displayName="Information" parentDisplayName="MOC" id="{ab7a68cf-1d72-4c50-a098-b985866dadf1}" />
      </MissingDependency>
      <MissingDependency>
        <Required type="10" schemaName="ovs_moc_specification_fdr_specification" displayName="ovs_moc_specification_fdr_specification" parentSchemaName="fdr_specification" parentDisplayName="Specification" solution="Active" />
        <Dependent type="60" displayName="Information" parentDisplayName="MOC" id="{ab7a68cf-1d72-4c50-a098-b985866dadf1}" />
      </MissingDependency>
      <MissingDependency>
        <Required type="10" schemaName="ovs_incident_report_moc" displayName="ovs_incident_report_moc" parentSchemaName="ovs_incident_report" parentDisplayName="Incident Report" solution="Active" />
        <Dependent type="60" displayName="Information" parentDisplayName="MOC" id="{ab7a68cf-1d72-4c50-a098-b985866dadf1}" />
      </MissingDependency>
      <MissingDependency>
        <Required type="10" schemaName="ovs_MOC_DangerousGood" displayName="ovs_MOC_DangerousGood" parentSchemaName="ovs_moc" parentDisplayName="MOC" solution="Active" />
        <Dependent type="60" displayName="Information" parentDisplayName="MOC" id="{ab7a68cf-1d72-4c50-a098-b985866dadf1}" />
      </MissingDependency>
      <MissingDependency>
        <Required type="2" schemaName="ovs_city_txt" displayName="City" parentSchemaName="ovs_incident" parentDisplayName="Incident" solution="Active" />
        <Dependent type="26" schemaName=" Incidents between 0-30 days" displayName=" Incidents between 0-30 days" parentSchemaName="ovs_incident" parentDisplayName="Incident" id="{21d0e933-9097-ef11-8a68-000d3a0bf04c}" />
      </MissingDependency>
      <MissingDependency>
        <Required type="2" schemaName="ovs_city_txt" displayName="City" parentSchemaName="ovs_incident" parentDisplayName="Incident" solution="Active" />
        <Dependent type="26" schemaName=" Incidents between 31-60 days" displayName=" Incidents between 31-60 days" parentSchemaName="ovs_incident" parentDisplayName="Incident" id="{5406562f-9197-ef11-8a68-000d3a0bf04c}" />
      </MissingDependency>
      <MissingDependency>
        <Required type="2" schemaName="ovs_city_txt" displayName="City" parentSchemaName="ovs_incident" parentDisplayName="Incident" solution="Active" />
        <Dependent type="26" schemaName=" Incidents 60 days past the date of incident" displayName=" Incidents 60 days past the date of incident" parentSchemaName="ovs_incident" parentDisplayName="Incident" id="{8e17d16b-9197-ef11-8a68-000d3a0bf04c}" />
      </MissingDependency>
      <MissingDependency>
        <Required type="2" schemaName="ovs_incidentid" displayName="Incident" parentSchemaName="ovs_incident" parentDisplayName="Incident" solution="Active" />
        <Dependent type="26" schemaName=" Incidents between 0-30 days" displayName=" Incidents between 0-30 days" parentSchemaName="ovs_incident" parentDisplayName="Incident" id="{21d0e933-9097-ef11-8a68-000d3a0bf04c}" />
      </MissingDependency>
      <MissingDependency>
        <Required type="2" schemaName="ovs_incidentid" displayName="Incident" parentSchemaName="ovs_incident" parentDisplayName="Incident" solution="Active" />
        <Dependent type="26" schemaName=" Incidents between 31-60 days" displayName=" Incidents between 31-60 days" parentSchemaName="ovs_incident" parentDisplayName="Incident" id="{5406562f-9197-ef11-8a68-000d3a0bf04c}" />
      </MissingDependency>
      <MissingDependency>
        <Required type="2" schemaName="ovs_incidentid" displayName="Incident" parentSchemaName="ovs_incident" parentDisplayName="Incident" solution="Active" />
        <Dependent type="26" schemaName=" Incidents 60 days past the date of incident" displayName=" Incidents 60 days past the date of incident" parentSchemaName="ovs_incident" parentDisplayName="Incident" id="{8e17d16b-9197-ef11-8a68-000d3a0bf04c}" />
      </MissingDependency>
      <MissingDependency>
        <Required type="2" schemaName="ovs_name" displayName="Name" parentSchemaName="ovs_incident" parentDisplayName="Incident" solution="Active" />
        <Dependent type="26" schemaName=" Incidents between 0-30 days" displayName=" Incidents between 0-30 days" parentSchemaName="ovs_incident" parentDisplayName="Incident" id="{21d0e933-9097-ef11-8a68-000d3a0bf04c}" />
      </MissingDependency>
      <MissingDependency>
        <Required type="2" schemaName="ovs_name" displayName="Name" parentSchemaName="ovs_incident" parentDisplayName="Incident" solution="Active" />
        <Dependent type="26" schemaName=" Incidents between 31-60 days" displayName=" Incidents between 31-60 days" parentSchemaName="ovs_incident" parentDisplayName="Incident" id="{5406562f-9197-ef11-8a68-000d3a0bf04c}" />
      </MissingDependency>
      <MissingDependency>
        <Required type="2" schemaName="ovs_name" displayName="Name" parentSchemaName="ovs_incident" parentDisplayName="Incident" solution="Active" />
        <Dependent type="26" schemaName=" Incidents 60 days past the date of incident" displayName=" Incidents 60 days past the date of incident" parentSchemaName="ovs_incident" parentDisplayName="Incident" id="{8e17d16b-9197-ef11-8a68-000d3a0bf04c}" />
      </MissingDependency>
      <MissingDependency>
        <Required type="2" schemaName="ovs_state_province_txt" displayName="State/Province​/Territory" parentSchemaName="ovs_incident" parentDisplayName="Incident" solution="Active" />
        <Dependent type="26" schemaName=" Incidents between 0-30 days" displayName=" Incidents between 0-30 days" parentSchemaName="ovs_incident" parentDisplayName="Incident" id="{21d0e933-9097-ef11-8a68-000d3a0bf04c}" />
      </MissingDependency>
      <MissingDependency>
        <Required type="2" schemaName="ovs_state_province_txt" displayName="State/Province​/Territory" parentSchemaName="ovs_incident" parentDisplayName="Incident" solution="Active" />
        <Dependent type="26" schemaName=" Incidents between 31-60 days" displayName=" Incidents between 31-60 days" parentSchemaName="ovs_incident" parentDisplayName="Incident" id="{5406562f-9197-ef11-8a68-000d3a0bf04c}" />
      </MissingDependency>
      <MissingDependency>
        <Required type="2" schemaName="ovs_state_province_txt" displayName="State/Province​/Territory" parentSchemaName="ovs_incident" parentDisplayName="Incident" solution="Active" />
        <Dependent type="26" schemaName=" Incidents 60 days past the date of incident" displayName=" Incidents 60 days past the date of incident" parentSchemaName="ovs_incident" parentDisplayName="Incident" id="{8e17d16b-9197-ef11-8a68-000d3a0bf04c}" />
      </MissingDependency>
      <MissingDependency>
        <Required type="2" schemaName="statecode" displayName="Status" parentSchemaName="ovs_incident" parentDisplayName="Incident" solution="Active" />
        <Dependent type="26" schemaName=" Incidents between 0-30 days" displayName=" Incidents between 0-30 days" parentSchemaName="ovs_incident" parentDisplayName="Incident" id="{21d0e933-9097-ef11-8a68-000d3a0bf04c}" />
      </MissingDependency>
      <MissingDependency>
        <Required type="2" schemaName="statecode" displayName="Status" parentSchemaName="ovs_incident" parentDisplayName="Incident" solution="Active" />
        <Dependent type="26" schemaName=" Incidents between 31-60 days" displayName=" Incidents between 31-60 days" parentSchemaName="ovs_incident" parentDisplayName="Incident" id="{5406562f-9197-ef11-8a68-000d3a0bf04c}" />
      </MissingDependency>
      <MissingDependency>
        <Required type="2" schemaName="statecode" displayName="Status" parentSchemaName="ovs_incident" parentDisplayName="Incident" solution="Active" />
        <Dependent type="26" schemaName=" Incidents 60 days past the date of incident" displayName=" Incidents 60 days past the date of incident" parentSchemaName="ovs_incident" parentDisplayName="Incident" id="{8e17d16b-9197-ef11-8a68-000d3a0bf04c}" />
      </MissingDependency>
      <MissingDependency>
        <Required type="2" schemaName="statuscode" displayName="Status Reason" parentSchemaName="ovs_incident" parentDisplayName="Incident" solution="Active" />
        <Dependent type="26" schemaName=" Incidents between 0-30 days" displayName=" Incidents between 0-30 days" parentSchemaName="ovs_incident" parentDisplayName="Incident" id="{21d0e933-9097-ef11-8a68-000d3a0bf04c}" />
      </MissingDependency>
      <MissingDependency>
        <Required type="2" schemaName="statuscode" displayName="Status Reason" parentSchemaName="ovs_incident" parentDisplayName="Incident" solution="Active" />
        <Dependent type="26" schemaName=" Incidents between 31-60 days" displayName=" Incidents between 31-60 days" parentSchemaName="ovs_incident" parentDisplayName="Incident" id="{5406562f-9197-ef11-8a68-000d3a0bf04c}" />
      </MissingDependency>
      <MissingDependency>
        <Required type="2" schemaName="statuscode" displayName="Status Reason" parentSchemaName="ovs_incident" parentDisplayName="Incident" solution="Active" />
        <Dependent type="26" schemaName=" Incidents 60 days past the date of incident" displayName=" Incidents 60 days past the date of incident" parentSchemaName="ovs_incident" parentDisplayName="Incident" id="{8e17d16b-9197-ef11-8a68-000d3a0bf04c}" />
      </MissingDependency>
      <MissingDependency>
        <Required type="2" schemaName="ovs_city_txt" displayName="City" parentSchemaName="ovs_incident_organization" parentDisplayName="Incident Organization" solution="Active" />
        <Dependent type="60" displayName="Information" parentDisplayName="Incident Organization" id="{970037a1-99a5-4958-968f-caa9f3912b7f}" />
      </MissingDependency>
      <MissingDependency>
        <Required type="2" schemaName="ovs_country_txt" displayName="Country" parentSchemaName="ovs_incident_organization" parentDisplayName="Incident Organization" solution="Active" />
        <Dependent type="60" displayName="Information" parentDisplayName="Incident Organization" id="{970037a1-99a5-4958-968f-caa9f3912b7f}" />
      </MissingDependency>
      <MissingDependency>
        <Required type="2" schemaName="ovs_email_txt" displayName="Email" parentSchemaName="ovs_incident_organization" parentDisplayName="Incident Organization" solution="Active" />
        <Dependent type="60" displayName="Information" parentDisplayName="Incident Organization" id="{970037a1-99a5-4958-968f-caa9f3912b7f}" />
      </MissingDependency>
      <MissingDependency>
        <Required type="2" schemaName="ovs_first_name_txt" displayName="First Name" parentSchemaName="ovs_incident_organization" parentDisplayName="Incident Organization" solution="Active" />
        <Dependent type="60" displayName="Information" parentDisplayName="Incident Organization" id="{970037a1-99a5-4958-968f-caa9f3912b7f}" />
      </MissingDependency>
      <MissingDependency>
        <Required type="2" schemaName="ovs_last_name_txt" displayName="Last Name" parentSchemaName="ovs_incident_organization" parentDisplayName="Incident Organization" solution="Active" />
        <Dependent type="60" displayName="Information" parentDisplayName="Incident Organization" id="{970037a1-99a5-4958-968f-caa9f3912b7f}" />
      </MissingDependency>
      <MissingDependency>
        <Required type="2" schemaName="ovs_name" displayName="Organization Name" parentSchemaName="ovs_incident_organization" parentDisplayName="Incident Organization" solution="Active" />
        <Dependent type="60" displayName="Information" parentDisplayName="Incident Organization" id="{970037a1-99a5-4958-968f-caa9f3912b7f}" />
      </MissingDependency>
      <MissingDependency>
        <Required type="2" schemaName="ovs_role_of_the_organization_cd" displayName="Role of the Organization" parentSchemaName="ovs_incident_organization" parentDisplayName="Incident Organization" solution="Active" />
        <Dependent type="60" displayName="Information" parentDisplayName="Incident Organization" id="{970037a1-99a5-4958-968f-caa9f3912b7f}" />
      </MissingDependency>
      <MissingDependency>
        <Required type="2" schemaName="ovs_state_province_territory_txt" displayName="State/Province/Territory" parentSchemaName="ovs_incident_organization" parentDisplayName="Incident Organization" solution="Active" />
        <Dependent type="60" displayName="Information" parentDisplayName="Incident Organization" id="{970037a1-99a5-4958-968f-caa9f3912b7f}" />
      </MissingDependency>
      <MissingDependency>
        <Required type="2" schemaName="ovs_street_1_txt" displayName="Street 1" parentSchemaName="ovs_incident_organization" parentDisplayName="Incident Organization" solution="Active" />
        <Dependent type="60" displayName="Information" parentDisplayName="Incident Organization" id="{970037a1-99a5-4958-968f-caa9f3912b7f}" />
      </MissingDependency>
      <MissingDependency>
        <Required type="2" schemaName="ovs_street_2_txt" displayName="Street 2" parentSchemaName="ovs_incident_organization" parentDisplayName="Incident Organization" solution="Active" />
        <Dependent type="60" displayName="Information" parentDisplayName="Incident Organization" id="{970037a1-99a5-4958-968f-caa9f3912b7f}" />
      </MissingDependency>
      <MissingDependency>
        <Required type="2" schemaName="ovs_street_3_txt" displayName="Street 3" parentSchemaName="ovs_incident_organization" parentDisplayName="Incident Organization" solution="Active" />
        <Dependent type="60" displayName="Information" parentDisplayName="Incident Organization" id="{970037a1-99a5-4958-968f-caa9f3912b7f}" />
      </MissingDependency>
      <MissingDependency>
        <Required type="2" schemaName="ovs_telephone_txt" displayName="Telephone " parentSchemaName="ovs_incident_organization" parentDisplayName="Incident Organization" solution="Active" />
        <Dependent type="60" displayName="Information" parentDisplayName="Incident Organization" id="{970037a1-99a5-4958-968f-caa9f3912b7f}" />
      </MissingDependency>
      <MissingDependency>
        <Required type="2" schemaName="ovs_title_txt" displayName="Title" parentSchemaName="ovs_incident_organization" parentDisplayName="Incident Organization" solution="Active" />
        <Dependent type="60" displayName="Information" parentDisplayName="Incident Organization" id="{970037a1-99a5-4958-968f-caa9f3912b7f}" />
      </MissingDependency>
      <MissingDependency>
        <Required type="2" schemaName="ovs_zip_postal_code_txt" displayName="Zip/Postal Code" parentSchemaName="ovs_incident_organization" parentDisplayName="Incident Organization" solution="Active" />
        <Dependent type="60" displayName="Information" parentDisplayName="Incident Organization" id="{970037a1-99a5-4958-968f-caa9f3912b7f}" />
      </MissingDependency>
      <MissingDependency>
        <Required type="2" schemaName="ownerid" displayName="Owner" parentSchemaName="ovs_incident_organization" parentDisplayName="Incident Organization" solution="Active" />
        <Dependent type="60" displayName="Information" parentDisplayName="Incident Organization" id="{970037a1-99a5-4958-968f-caa9f3912b7f}" />
      </MissingDependency>
      <MissingDependency>
        <Required type="2" schemaName="ovs_damage_ind" displayName="Damage" parentSchemaName="ovs_moc" parentDisplayName="MOC" solution="Active" />
        <Dependent type="60" displayName="Information" parentDisplayName="MOC" id="{ab7a68cf-1d72-4c50-a098-b985866dadf1}" />
      </MissingDependency>
      <MissingDependency>
        <Required type="2" schemaName="ovs_damage_location_cds" displayName="Damage Location" parentSchemaName="ovs_moc" parentDisplayName="MOC" solution="Active" />
        <Dependent type="60" displayName="Information" parentDisplayName="MOC" id="{ab7a68cf-1d72-4c50-a098-b985866dadf1}" />
      </MissingDependency>
      <MissingDependency>
        <Required type="2" schemaName="ovs_damage_type_cds" displayName="Damage Type" parentSchemaName="ovs_moc" parentDisplayName="MOC" solution="Active" />
        <Dependent type="60" displayName="Information" parentDisplayName="MOC" id="{ab7a68cf-1d72-4c50-a098-b985866dadf1}" />
      </MissingDependency>
      <MissingDependency>
        <Required type="2" schemaName="ovs_incident_report_id" displayName="Incident Report" parentSchemaName="ovs_moc" parentDisplayName="MOC" solution="Active" />
        <Dependent type="60" displayName="Information" parentDisplayName="MOC" id="{ab7a68cf-1d72-4c50-a098-b985866dadf1}" />
      </MissingDependency>
      <MissingDependency>
        <Required type="2" schemaName="ovs_moc_capacity_cd" displayName="MOC Capacity" parentSchemaName="ovs_moc" parentDisplayName="MOC" solution="Active" />
        <Dependent type="60" displayName="Information" parentDisplayName="MOC" id="{ab7a68cf-1d72-4c50-a098-b985866dadf1}" />
      </MissingDependency>
      <MissingDependency>
        <Required type="2" schemaName="ovs_n_of_units_num" displayName="No. of Units" parentSchemaName="ovs_moc" parentDisplayName="MOC" solution="Active" />
        <Dependent type="60" displayName="Information" parentDisplayName="MOC" id="{ab7a68cf-1d72-4c50-a098-b985866dadf1}" />
      </MissingDependency>
      <MissingDependency>
        <Required type="2" schemaName="ovs_name" displayName="Name" parentSchemaName="ovs_moc" parentDisplayName="MOC" solution="Active" />
        <Dependent type="60" displayName="Information" parentDisplayName="MOC" id="{ab7a68cf-1d72-4c50-a098-b985866dadf1}" />
      </MissingDependency>
      <MissingDependency>
        <Required type="2" schemaName="ovs_other_code_txt" displayName="Other Code" parentSchemaName="ovs_moc" parentDisplayName="MOC" solution="Active" />
        <Dependent type="60" displayName="Information" parentDisplayName="MOC" id="{ab7a68cf-1d72-4c50-a098-b985866dadf1}" />
      </MissingDependency>
      <MissingDependency>
        <Required type="2" schemaName="ovs_other_damage_location_txt" displayName="Other Damage Location" parentSchemaName="ovs_moc" parentDisplayName="MOC" solution="Active" />
        <Dependent type="60" displayName="Information" parentDisplayName="MOC" id="{ab7a68cf-1d72-4c50-a098-b985866dadf1}" />
      </MissingDependency>
      <MissingDependency>
        <Required type="2" schemaName="ovs_other_damage_txt" displayName="Other Damage Type" parentSchemaName="ovs_moc" parentDisplayName="MOC" solution="Active" />
        <Dependent type="60" displayName="Information" parentDisplayName="MOC" id="{ab7a68cf-1d72-4c50-a098-b985866dadf1}" />
      </MissingDependency>
      <MissingDependency>
        <Required type="2" schemaName="ovs_package_type_cd" displayName="Package Type" parentSchemaName="ovs_moc" parentDisplayName="MOC" solution="Active" />
        <Dependent type="60" displayName="Information" parentDisplayName="MOC" id="{ab7a68cf-1d72-4c50-a098-b985866dadf1}" />
      </MissingDependency>
      <MissingDependency>
        <Required type="2" schemaName="ovs_packages_num" displayName="Number of Packages" parentSchemaName="ovs_moc" parentDisplayName="MOC" solution="Active" />
        <Dependent type="60" displayName="Information" parentDisplayName="MOC" id="{ab7a68cf-1d72-4c50-a098-b985866dadf1}" />
      </MissingDependency>
      <MissingDependency>
        <Required type="2" schemaName="ovs_packages_released_num" displayName="Number of packages that​ sustained a release" parentSchemaName="ovs_moc" parentDisplayName="MOC" solution="Active" />
        <Dependent type="60" displayName="Information" parentDisplayName="MOC" id="{ab7a68cf-1d72-4c50-a098-b985866dadf1}" />
      </MissingDependency>
      <MissingDependency>
        <Required type="2" schemaName="ovs_release_ind" displayName="Release" parentSchemaName="ovs_moc" parentDisplayName="MOC" solution="Active" />
        <Dependent type="60" displayName="Information" parentDisplayName="MOC" id="{ab7a68cf-1d72-4c50-a098-b985866dadf1}" />
      </MissingDependency>
      <MissingDependency>
        <Required type="2" schemaName="ovs_release_location_mcd" displayName="Release Location" parentSchemaName="ovs_moc" parentDisplayName="MOC" solution="Active" />
        <Dependent type="60" displayName="Information" parentDisplayName="MOC" id="{ab7a68cf-1d72-4c50-a098-b985866dadf1}" />
      </MissingDependency>
      <MissingDependency>
        <Required type="2" schemaName="ovs_release_location_other_txt" displayName="Other Release Location" parentSchemaName="ovs_moc" parentDisplayName="MOC" solution="Active" />
        <Dependent type="60" displayName="Information" parentDisplayName="MOC" id="{ab7a68cf-1d72-4c50-a098-b985866dadf1}" />
      </MissingDependency>
      <MissingDependency>
        <Required type="2" schemaName="ovs_reportable_moc_ind" displayName="Reportable MoC" parentSchemaName="ovs_moc" parentDisplayName="MOC" solution="Active" />
        <Dependent type="60" displayName="Information" parentDisplayName="MOC" id="{ab7a68cf-1d72-4c50-a098-b985866dadf1}" />
      </MissingDependency>
      <MissingDependency>
        <Required type="2" schemaName="ovs_specification_id" displayName="Specification" parentSchemaName="ovs_moc" parentDisplayName="MOC" solution="Active" />
        <Dependent type="60" displayName="Information" parentDisplayName="MOC" id="{ab7a68cf-1d72-4c50-a098-b985866dadf1}" />
      </MissingDependency>
      <MissingDependency>
        <Required type="2" schemaName="ovs_vehicle_configuration_cd" displayName="Vehicle Configuration" parentSchemaName="ovs_moc" parentDisplayName="MOC" solution="Active" />
        <Dependent type="60" displayName="Information" parentDisplayName="MOC" id="{ab7a68cf-1d72-4c50-a098-b985866dadf1}" />
      </MissingDependency>
      <MissingDependency>
        <Required type="2" schemaName="ovs_vehicle_type_cd" displayName="Vehicle Type" parentSchemaName="ovs_moc" parentDisplayName="MOC" solution="Active" />
        <Dependent type="60" displayName="Information" parentDisplayName="MOC" id="{ab7a68cf-1d72-4c50-a098-b985866dadf1}" />
      </MissingDependency>
      <MissingDependency>
        <Required type="2" schemaName="ownerid" displayName="Owner" parentSchemaName="ovs_moc" parentDisplayName="MOC" solution="Active" />
        <Dependent type="60" displayName="Information" parentDisplayName="MOC" id="{ab7a68cf-1d72-4c50-a098-b985866dadf1}" />
      </MissingDependency>
      <MissingDependency>
        <Required type="26" schemaName="Dangerous goods MOC form" displayName="Dangerous goods MOC form" parentSchemaName="ovs_moc_dangerousgood" parentDisplayName="MOC Dangerous Good" solution="Active" id="{218e3fac-6a95-ef11-8a68-002248b24508}" />
        <Dependent type="60" displayName="Information" parentDisplayName="MOC" id="{ab7a68cf-1d72-4c50-a098-b985866dadf1}" />
      </MissingDependency>
      <MissingDependency>
        <Required type="26" schemaName="Active MOC Dangerous Goods" displayName="Active MOC Dangerous Goods" parentSchemaName="ovs_moc_dangerousgood" parentDisplayName="MOC Dangerous Good" solution="Active" id="{9739acd7-5f54-4e1d-9702-812c32550ba5}" />
        <Dependent type="60" displayName="Information" parentDisplayName="MOC" id="{ab7a68cf-1d72-4c50-a098-b985866dadf1}" />
      </MissingDependency>
      <MissingDependency>
        <Required type="61" schemaName="qm_globalHelper.js" displayName="qm_globalHelper.js" solution="Active" />
        <Dependent type="60" displayName="Information" parentDisplayName="MOC" id="{ab7a68cf-1d72-4c50-a098-b985866dadf1}" />
      </MissingDependency>
      <MissingDependency>
        <Required type="66" schemaName="MscrmControls.FieldControls.ToggleControl" displayName="MscrmControls.FieldControls.ToggleControl" solution="BaseCustomControlsCore (9.0.2411.1022)">
          <package>BaseCustomControlsCore (9.0.2411.1022)</package>
        </Required>
        <Dependent type="60" displayName="Information" parentDisplayName="Incident Organization" id="{970037a1-99a5-4958-968f-caa9f3912b7f}" />
      </MissingDependency>
      <MissingDependency>
        <Required type="66" schemaName="MscrmControls.FieldControls.ToggleControl" displayName="MscrmControls.FieldControls.ToggleControl" solution="BaseCustomControlsCore (9.0.2411.1022)">
          <package>BaseCustomControlsCore (9.0.2411.1022)</package>
        </Required>
        <Dependent type="60" displayName="Information" parentDisplayName="MOC" id="{ab7a68cf-1d72-4c50-a098-b985866dadf1}" />
      </MissingDependency>
    </MissingDependencies>
  </SolutionManifest>
</ImportExportXml>