<ImportExportXml version="9.2.24124.146" SolutionPackageVersion="9.2" languagecode="1033" generatedBy="CrmLive" xmlns:xsi="http://www.w3.org/2001/XMLSchema-instance" OrganizationVersion="9.2.24124.146" OrganizationSchemaType="Full" CRMServerServiceabilityVersion="9.2.25012.00154">
  <SolutionManifest>
    <UniqueName>TC_GlobalCore_Patch_5831715d</UniqueName>
    <LocalizedNames>
      <LocalizedName description="TDG Core Schema" languagecode="1033" />
    </LocalizedNames>
    <Descriptions>
      <Description description="Patch for TDG Core Schema" languagecode="1033" />
    </Descriptions>
    <ParentUniqueName>TC_GlobalCore</ParentUniqueName>
    <Version>1.170.2.0</Version>
    <Managed>1</Managed>
    <Publisher>
      <UniqueName>oversightpublisher</UniqueName>
      <LocalizedNames>
        <LocalizedName description="Oversight" languagecode="1033" />
      </LocalizedNames>
      <Descriptions>
        <Description description="This is the common solution for AvSec Inspection and TDG Inspection." languagecode="1033" />
      </Descriptions>
      <EMailAddress xsi:nil="true"></EMailAddress>
      <SupportingWebsiteUrl xsi:nil="true"></SupportingWebsiteUrl>
      <CustomizationPrefix>ovs</CustomizationPrefix>
      <CustomizationOptionValuePrefix>91864</CustomizationOptionValuePrefix>
      <Addresses>
        <Address>
          <AddressNumber>1</AddressNumber>
          <AddressTypeCode>1</AddressTypeCode>
          <City xsi:nil="true"></City>
          <County xsi:nil="true"></County>
          <Country xsi:nil="true"></Country>
          <Fax xsi:nil="true"></Fax>
          <FreightTermsCode xsi:nil="true"></FreightTermsCode>
          <ImportSequenceNumber xsi:nil="true"></ImportSequenceNumber>
          <Latitude xsi:nil="true"></Latitude>
          <Line1 xsi:nil="true"></Line1>
          <Line2 xsi:nil="true"></Line2>
          <Line3 xsi:nil="true"></Line3>
          <Longitude xsi:nil="true"></Longitude>
          <Name xsi:nil="true"></Name>
          <PostalCode xsi:nil="true"></PostalCode>
          <PostOfficeBox xsi:nil="true"></PostOfficeBox>
          <PrimaryContactName xsi:nil="true"></PrimaryContactName>
          <ShippingMethodCode>1</ShippingMethodCode>
          <StateOrProvince xsi:nil="true"></StateOrProvince>
          <Telephone1 xsi:nil="true"></Telephone1>
          <Telephone2 xsi:nil="true"></Telephone2>
          <Telephone3 xsi:nil="true"></Telephone3>
          <TimeZoneRuleVersionNumber xsi:nil="true"></TimeZoneRuleVersionNumber>
          <UPSZone xsi:nil="true"></UPSZone>
          <UTCOffset xsi:nil="true"></UTCOffset>
          <UTCConversionTimeZoneCode xsi:nil="true"></UTCConversionTimeZoneCode>
        </Address>
        <Address>
          <AddressNumber>2</AddressNumber>
          <AddressTypeCode>1</AddressTypeCode>
          <City xsi:nil="true"></City>
          <County xsi:nil="true"></County>
          <Country xsi:nil="true"></Country>
          <Fax xsi:nil="true"></Fax>
          <FreightTermsCode xsi:nil="true"></FreightTermsCode>
          <ImportSequenceNumber xsi:nil="true"></ImportSequenceNumber>
          <Latitude xsi:nil="true"></Latitude>
          <Line1 xsi:nil="true"></Line1>
          <Line2 xsi:nil="true"></Line2>
          <Line3 xsi:nil="true"></Line3>
          <Longitude xsi:nil="true"></Longitude>
          <Name xsi:nil="true"></Name>
          <PostalCode xsi:nil="true"></PostalCode>
          <PostOfficeBox xsi:nil="true"></PostOfficeBox>
          <PrimaryContactName xsi:nil="true"></PrimaryContactName>
          <ShippingMethodCode>1</ShippingMethodCode>
          <StateOrProvince xsi:nil="true"></StateOrProvince>
          <Telephone1 xsi:nil="true"></Telephone1>
          <Telephone2 xsi:nil="true"></Telephone2>
          <Telephone3 xsi:nil="true"></Telephone3>
          <TimeZoneRuleVersionNumber xsi:nil="true"></TimeZoneRuleVersionNumber>
          <UPSZone xsi:nil="true"></UPSZone>
          <UTCOffset xsi:nil="true"></UTCOffset>
          <UTCConversionTimeZoneCode xsi:nil="true"></UTCConversionTimeZoneCode>
        </Address>
      </Addresses>
    </Publisher>
    <RootComponents>
      <RootComponent type="1" schemaName="ovs_incident" behavior="1" />
      <RootComponent type="1" schemaName="ovs_incident_report" behavior="1" />
      <RootComponent type="1" schemaName="ovs_moc" behavior="1" />
      <RootComponent type="9" schemaName="ovs_incidentseverity" behavior="0" />
    </RootComponents>
    <MissingDependencies>
      <MissingDependency>
        <Required type="1" schemaName="ovs_incident" displayName="Incident" solution="Active" />
        <Dependent type="1" schemaName="ovs_incident" displayName="Incident" />
      </MissingDependency>
      <MissingDependency>
        <Required type="1" schemaName="ovs_incident_report" displayName="Incident Report" solution="Active" />
        <Dependent type="1" schemaName="ovs_incident_report" displayName="Incident Report" />
      </MissingDependency>
      <MissingDependency>
        <Required type="1" schemaName="ovs_moc" displayName="MOC" solution="Active" />
        <Dependent type="1" schemaName="ovs_moc" displayName="MOC" />
      </MissingDependency>
      <MissingDependency>
        <Required type="1" schemaName="ovs_moc_dangerousgood" displayName="MOC Dangerous Good" solution="Active" />
        <Dependent type="60" displayName="Information" parentDisplayName="MOC" id="{ab7a68cf-1d72-4c50-a098-b985866dadf1}" />
      </MissingDependency>
      <MissingDependency>
        <Required type="10" schemaName="ovs_moc_specification_fdr_specification" displayName="ovs_moc_specification_fdr_specification" parentSchemaName="fdr_specification" parentDisplayName="Specification" solution="Active" />
        <Dependent type="60" displayName="Information" parentDisplayName="MOC" id="{ab7a68cf-1d72-4c50-a098-b985866dadf1}" />
      </MissingDependency>
      <MissingDependency>
        <Required type="10" schemaName="ovs_incident_incident_report" displayName="ovs_incident_incident_report" parentSchemaName="ovs_incident" parentDisplayName="Incident" solution="Active" />
        <Dependent type="60" displayName="Information" parentDisplayName="Incident" id="{a58c2822-51b7-4919-b85c-d94204f76f09}" />
      </MissingDependency>
      <MissingDependency>
        <Required type="10" schemaName="ovs_incident_report_moc" displayName="ovs_incident_report_moc" parentSchemaName="ovs_incident_report" parentDisplayName="Incident Report" solution="Active" />
        <Dependent type="60" displayName="Information" parentDisplayName="MOC" id="{ab7a68cf-1d72-4c50-a098-b985866dadf1}" />
      </MissingDependency>
      <MissingDependency>
        <Required type="10" schemaName="ovs_MOC_DangerousGood" displayName="ovs_MOC_DangerousGood" parentSchemaName="ovs_moc" parentDisplayName="MOC" solution="Active" />
        <Dependent type="60" displayName="Information" parentDisplayName="MOC" id="{ab7a68cf-1d72-4c50-a098-b985866dadf1}" />
      </MissingDependency>
      <MissingDependency>
        <Required type="2" schemaName="createdon" displayName="Created On" parentSchemaName="ovs_incident" parentDisplayName="Incident" solution="Active" />
        <Dependent type="60" displayName="Information" parentDisplayName="Incident" id="{a58c2822-51b7-4919-b85c-d94204f76f09}" />
      </MissingDependency>
      <MissingDependency>
        <Required type="2" schemaName="ovs_address_description_txt" displayName="Address Description" parentSchemaName="ovs_incident" parentDisplayName="Incident" solution="Active" />
        <Dependent type="60" displayName="Information" parentDisplayName="Incident" id="{a58c2822-51b7-4919-b85c-d94204f76f09}" />
      </MissingDependency>
      <MissingDependency>
        <Required type="2" schemaName="ovs_anticipated_release_ind" displayName="Anticipated Release" parentSchemaName="ovs_incident" parentDisplayName="Incident" solution="Active" />
        <Dependent type="60" displayName="Information" parentDisplayName="Incident" id="{a58c2822-51b7-4919-b85c-d94204f76f09}" />
      </MissingDependency>
      <MissingDependency>
        <Required type="2" schemaName="ovs_below_threshold_cd" displayName="Released quantity below threshold" parentSchemaName="ovs_incident" parentDisplayName="Incident" solution="Active" />
        <Dependent type="60" displayName="Information" parentDisplayName="Incident" id="{a58c2822-51b7-4919-b85c-d94204f76f09}" />
      </MissingDependency>
      <MissingDependency>
        <Required type="2" schemaName="ovs_city_txt" displayName="City" parentSchemaName="ovs_incident" parentDisplayName="Incident" solution="Active" />
        <Dependent type="60" displayName="Information" parentDisplayName="Incident" id="{a58c2822-51b7-4919-b85c-d94204f76f09}" />
      </MissingDependency>
      <MissingDependency>
        <Required type="2" schemaName="ovs_closure_cd" displayName="Closure" parentSchemaName="ovs_incident" parentDisplayName="Incident" solution="Active" />
        <Dependent type="60" displayName="Information" parentDisplayName="Incident" id="{a58c2822-51b7-4919-b85c-d94204f76f09}" />
      </MissingDependency>
      <MissingDependency>
        <Required type="2" schemaName="ovs_contributing_factor_other_txt" displayName="Other Contributing Factor" parentSchemaName="ovs_incident" parentDisplayName="Incident" solution="Active" />
        <Dependent type="60" displayName="Information" parentDisplayName="Incident" id="{a58c2822-51b7-4919-b85c-d94204f76f09}" />
      </MissingDependency>
      <MissingDependency>
        <Required type="2" schemaName="ovs_contributing_factors_cds" displayName="Contributing Factors" parentSchemaName="ovs_incident" parentDisplayName="Incident" solution="Active" />
        <Dependent type="60" displayName="Information" parentDisplayName="Incident" id="{a58c2822-51b7-4919-b85c-d94204f76f09}" />
      </MissingDependency>
      <MissingDependency>
        <Required type="2" schemaName="ovs_country_txt" displayName="Country" parentSchemaName="ovs_incident" parentDisplayName="Incident" solution="Active" />
        <Dependent type="60" displayName="Information" parentDisplayName="Incident" id="{a58c2822-51b7-4919-b85c-d94204f76f09}" />
      </MissingDependency>
      <MissingDependency>
        <Required type="2" schemaName="ovs_damage_cd" displayName="Damage" parentSchemaName="ovs_incident" parentDisplayName="Incident" solution="Active" />
        <Dependent type="60" displayName="Information" parentDisplayName="Incident" id="{a58c2822-51b7-4919-b85c-d94204f76f09}" />
      </MissingDependency>
      <MissingDependency>
        <Required type="2" schemaName="ovs_date_30day_requested_dte" displayName="30-Day Requested" parentSchemaName="ovs_incident" parentDisplayName="Incident" solution="Active" />
        <Dependent type="60" displayName="Information" parentDisplayName="Incident" id="{a58c2822-51b7-4919-b85c-d94204f76f09}" />
      </MissingDependency>
      <MissingDependency>
        <Required type="2" schemaName="ovs_date_declared_completion_dte" displayName="Declared Completion (Legacy)" parentSchemaName="ovs_incident" parentDisplayName="Incident" solution="Active" />
        <Dependent type="60" displayName="Information" parentDisplayName="Incident" id="{a58c2822-51b7-4919-b85c-d94204f76f09}" />
      </MissingDependency>
      <MissingDependency>
        <Required type="2" schemaName="ovs_evacuation_cd" displayName="Evacuation" parentSchemaName="ovs_incident" parentDisplayName="Incident" solution="Active" />
        <Dependent type="60" displayName="Information" parentDisplayName="Incident" id="{a58c2822-51b7-4919-b85c-d94204f76f09}" />
      </MissingDependency>
      <MissingDependency>
        <Required type="2" schemaName="ovs_exception_reason_txt" displayName="Reason for exception" parentSchemaName="ovs_incident" parentDisplayName="Incident" solution="Active" />
        <Dependent type="60" displayName="Information" parentDisplayName="Incident" id="{a58c2822-51b7-4919-b85c-d94204f76f09}" />
      </MissingDependency>
      <MissingDependency>
        <Required type="2" schemaName="ovs_exemption_ind" displayName="Exception/Exemption" parentSchemaName="ovs_incident" parentDisplayName="Incident" solution="Active" />
        <Dependent type="60" displayName="Information" parentDisplayName="Incident" id="{a58c2822-51b7-4919-b85c-d94204f76f09}" />
      </MissingDependency>
      <MissingDependency>
        <Required type="2" schemaName="ovs_facility_type_cd" displayName="Facility Type" parentSchemaName="ovs_incident" parentDisplayName="Incident" solution="Active" />
        <Dependent type="60" displayName="Information" parentDisplayName="Incident" id="{a58c2822-51b7-4919-b85c-d94204f76f09}" />
      </MissingDependency>
      <MissingDependency>
        <Required type="2" schemaName="ovs_fatalities_cd" displayName="Fatalities" parentSchemaName="ovs_incident" parentDisplayName="Incident" solution="Active" />
        <Dependent type="60" displayName="Information" parentDisplayName="Incident" id="{a58c2822-51b7-4919-b85c-d94204f76f09}" />
      </MissingDependency>
      <MissingDependency>
        <Required type="2" schemaName="ovs_injuries_cd" displayName="Injuries" parentSchemaName="ovs_incident" parentDisplayName="Incident" solution="Active" />
        <Dependent type="60" displayName="Information" parentDisplayName="Incident" id="{a58c2822-51b7-4919-b85c-d94204f76f09}" />
      </MissingDependency>
      <MissingDependency>
        <Required type="2" schemaName="ovs_latitude_nbr" displayName="Latitude" parentSchemaName="ovs_incident" parentDisplayName="Incident" solution="Active" />
        <Dependent type="60" displayName="Information" parentDisplayName="Incident" id="{a58c2822-51b7-4919-b85c-d94204f76f09}" />
      </MissingDependency>
      <MissingDependency>
        <Required type="2" schemaName="ovs_longitude_nbr" displayName="Longitude" parentSchemaName="ovs_incident" parentDisplayName="Incident" solution="Active" />
        <Dependent type="60" displayName="Information" parentDisplayName="Incident" id="{a58c2822-51b7-4919-b85c-d94204f76f09}" />
      </MissingDependency>
      <MissingDependency>
        <Required type="2" schemaName="ovs_loss_theft_ind" displayName="Loss/Theft" parentSchemaName="ovs_incident" parentDisplayName="Incident" solution="Active" />
        <Dependent type="60" displayName="Information" parentDisplayName="Incident" id="{a58c2822-51b7-4919-b85c-d94204f76f09}" />
      </MissingDependency>
      <MissingDependency>
        <Required type="2" schemaName="ovs_meridian_cd" displayName="Meridian" parentSchemaName="ovs_incident" parentDisplayName="Incident" solution="Active" />
        <Dependent type="60" displayName="Information" parentDisplayName="Incident" id="{a58c2822-51b7-4919-b85c-d94204f76f09}" />
      </MissingDependency>
      <MissingDependency>
        <Required type="2" schemaName="ovs_mileage_txt" displayName="Mileage" parentSchemaName="ovs_incident" parentDisplayName="Incident" solution="Active" />
        <Dependent type="60" displayName="Information" parentDisplayName="Incident" id="{a58c2822-51b7-4919-b85c-d94204f76f09}" />
      </MissingDependency>
      <MissingDependency>
        <Required type="2" schemaName="ovs_misdeclared_ind" displayName="Misdeclared/Undeclared" parentSchemaName="ovs_incident" parentDisplayName="Incident" solution="Active" />
        <Dependent type="60" displayName="Information" parentDisplayName="Incident" id="{a58c2822-51b7-4919-b85c-d94204f76f09}" />
      </MissingDependency>
      <MissingDependency>
        <Required type="2" schemaName="ovs_mode_cd" displayName="Mode" parentSchemaName="ovs_incident" parentDisplayName="Incident" solution="Active" />
        <Dependent type="60" displayName="Information" parentDisplayName="Incident" id="{a58c2822-51b7-4919-b85c-d94204f76f09}" />
      </MissingDependency>
      <MissingDependency>
        <Required type="2" schemaName="ovs_name" displayName="Name" parentSchemaName="ovs_incident" parentDisplayName="Incident" solution="Active" />
        <Dependent type="60" displayName="Information" parentDisplayName="Incident" id="{a58c2822-51b7-4919-b85c-d94204f76f09}" />
      </MissingDependency>
      <MissingDependency>
        <Required type="2" schemaName="ovs_non_compliant_ind" displayName="Non-Compliant?" parentSchemaName="ovs_incident" parentDisplayName="Incident" solution="Active" />
        <Dependent type="60" displayName="Information" parentDisplayName="Incident" id="{a58c2822-51b7-4919-b85c-d94204f76f09}" />
      </MissingDependency>
      <MissingDependency>
        <Required type="2" schemaName="ovs_other_physical_impact_txt" displayName="Other Physical Impact" parentSchemaName="ovs_incident" parentDisplayName="Incident" solution="Active" />
        <Dependent type="60" displayName="Information" parentDisplayName="Incident" id="{a58c2822-51b7-4919-b85c-d94204f76f09}" />
      </MissingDependency>
      <MissingDependency>
        <Required type="2" schemaName="ovs_phase_cd" displayName="Phase" parentSchemaName="ovs_incident" parentDisplayName="Incident" solution="Active" />
        <Dependent type="60" displayName="Information" parentDisplayName="Incident" id="{a58c2822-51b7-4919-b85c-d94204f76f09}" />
      </MissingDependency>
      <MissingDependency>
        <Required type="2" schemaName="ovs_physical_impact_cds" displayName="Physical Impact" parentSchemaName="ovs_incident" parentDisplayName="Incident" solution="Active" />
        <Dependent type="60" displayName="Information" parentDisplayName="Incident" id="{a58c2822-51b7-4919-b85c-d94204f76f09}" />
      </MissingDependency>
      <MissingDependency>
        <Required type="2" schemaName="ovs_physical_impact_flag_ind" displayName="Physical Impact Flag" parentSchemaName="ovs_incident" parentDisplayName="Incident" solution="Active" />
        <Dependent type="60" displayName="Information" parentDisplayName="Incident" id="{a58c2822-51b7-4919-b85c-d94204f76f09}" />
      </MissingDependency>
      <MissingDependency>
        <Required type="2" schemaName="ovs_pi_damage_cd" displayName="Property &amp; Infrastructure Damage" parentSchemaName="ovs_incident" parentDisplayName="Incident" solution="Active" />
        <Dependent type="60" displayName="Information" parentDisplayName="Incident" id="{a58c2822-51b7-4919-b85c-d94204f76f09}" />
      </MissingDependency>
      <MissingDependency>
        <Required type="2" schemaName="ovs_range_cd" displayName="Range" parentSchemaName="ovs_incident" parentDisplayName="Incident" solution="Active" />
        <Dependent type="60" displayName="Information" parentDisplayName="Incident" id="{a58c2822-51b7-4919-b85c-d94204f76f09}" />
      </MissingDependency>
      <MissingDependency>
        <Required type="2" schemaName="ovs_regulatory_scope_ind" displayName="Regulatory Scope" parentSchemaName="ovs_incident" parentDisplayName="Incident" solution="Active" />
        <Dependent type="60" displayName="Information" parentDisplayName="Incident" id="{a58c2822-51b7-4919-b85c-d94204f76f09}" />
      </MissingDependency>
      <MissingDependency>
        <Required type="2" schemaName="ovs_release_ind" displayName="Release" parentSchemaName="ovs_incident" parentDisplayName="Incident" solution="Active" />
        <Dependent type="60" displayName="Information" parentDisplayName="Incident" id="{a58c2822-51b7-4919-b85c-d94204f76f09}" />
      </MissingDependency>
      <MissingDependency>
        <Required type="2" schemaName="ovs_reportable_ind" displayName="Reportable" parentSchemaName="ovs_incident" parentDisplayName="Incident" solution="Active" />
        <Dependent type="60" displayName="Information" parentDisplayName="Incident" id="{a58c2822-51b7-4919-b85c-d94204f76f09}" />
      </MissingDependency>
      <MissingDependency>
        <Required type="2" schemaName="ovs_section_cd" displayName="Section" parentSchemaName="ovs_incident" parentDisplayName="Incident" solution="Active" />
        <Dependent type="60" displayName="Information" parentDisplayName="Incident" id="{a58c2822-51b7-4919-b85c-d94204f76f09}" />
      </MissingDependency>
      <MissingDependency>
        <Required type="2" schemaName="ovs_ss_crack_cd" displayName="Stub Sill Crack (Greater than 15cm/6in)" parentSchemaName="ovs_incident" parentDisplayName="Incident" solution="Active" />
        <Dependent type="60" displayName="Information" parentDisplayName="Incident" id="{a58c2822-51b7-4919-b85c-d94204f76f09}" />
      </MissingDependency>
      <MissingDependency>
        <Required type="2" schemaName="ovs_state_province_txt" displayName="State/Province​/Territory" parentSchemaName="ovs_incident" parentDisplayName="Incident" solution="Active" />
        <Dependent type="60" displayName="Information" parentDisplayName="Incident" id="{a58c2822-51b7-4919-b85c-d94204f76f09}" />
      </MissingDependency>
      <MissingDependency>
        <Required type="2" schemaName="ovs_street1_txt" displayName="Street 1" parentSchemaName="ovs_incident" parentDisplayName="Incident" solution="Active" />
        <Dependent type="60" displayName="Information" parentDisplayName="Incident" id="{a58c2822-51b7-4919-b85c-d94204f76f09}" />
      </MissingDependency>
      <MissingDependency>
        <Required type="2" schemaName="ovs_street2_txt" displayName="Street 2" parentSchemaName="ovs_incident" parentDisplayName="Incident" solution="Active" />
        <Dependent type="60" displayName="Information" parentDisplayName="Incident" id="{a58c2822-51b7-4919-b85c-d94204f76f09}" />
      </MissingDependency>
      <MissingDependency>
        <Required type="2" schemaName="ovs_street3_txt" displayName="Street 3" parentSchemaName="ovs_incident" parentDisplayName="Incident" solution="Active" />
        <Dependent type="60" displayName="Information" parentDisplayName="Incident" id="{a58c2822-51b7-4919-b85c-d94204f76f09}" />
      </MissingDependency>
      <MissingDependency>
        <Required type="2" schemaName="ovs_subdivision_txt" displayName="Subdivision" parentSchemaName="ovs_incident" parentDisplayName="Incident" solution="Active" />
        <Dependent type="60" displayName="Information" parentDisplayName="Incident" id="{a58c2822-51b7-4919-b85c-d94204f76f09}" />
      </MissingDependency>
      <MissingDependency>
        <Required type="2" schemaName="ovs_township_cd" displayName="Township" parentSchemaName="ovs_incident" parentDisplayName="Incident" solution="Active" />
        <Dependent type="60" displayName="Information" parentDisplayName="Incident" id="{a58c2822-51b7-4919-b85c-d94204f76f09}" />
      </MissingDependency>
      <MissingDependency>
        <Required type="2" schemaName="ovs_vandalism_terrorism_ind" displayName="Vandalism/Terrorism" parentSchemaName="ovs_incident" parentDisplayName="Incident" solution="Active" />
        <Dependent type="60" displayName="Information" parentDisplayName="Incident" id="{a58c2822-51b7-4919-b85c-d94204f76f09}" />
      </MissingDependency>
      <MissingDependency>
        <Required type="2" schemaName="ovs_weather_cd" displayName="Weather" parentSchemaName="ovs_incident" parentDisplayName="Incident" solution="Active" />
        <Dependent type="60" displayName="Information" parentDisplayName="Incident" id="{a58c2822-51b7-4919-b85c-d94204f76f09}" />
      </MissingDependency>
      <MissingDependency>
        <Required type="2" schemaName="ovs_zip_postalcode_txt" displayName="ZIP/Postal Code" parentSchemaName="ovs_incident" parentDisplayName="Incident" solution="Active" />
        <Dependent type="60" displayName="Information" parentDisplayName="Incident" id="{a58c2822-51b7-4919-b85c-d94204f76f09}" />
      </MissingDependency>
      <MissingDependency>
        <Required type="2" schemaName="ownerid" displayName="Owner" parentSchemaName="ovs_incident" parentDisplayName="Incident" solution="Active" />
        <Dependent type="60" displayName="Information" parentDisplayName="Incident" id="{a58c2822-51b7-4919-b85c-d94204f76f09}" />
      </MissingDependency>
      <MissingDependency>
        <Required type="2" schemaName="statecode" displayName="Status" parentSchemaName="ovs_incident" parentDisplayName="Incident" solution="Active" />
        <Dependent type="60" displayName="Information" parentDisplayName="Incident" id="{a58c2822-51b7-4919-b85c-d94204f76f09}" />
      </MissingDependency>
      <MissingDependency>
        <Required type="2" schemaName="statuscode" displayName="Status Reason" parentSchemaName="ovs_incident" parentDisplayName="Incident" solution="Active" />
        <Dependent type="60" displayName="Information" parentDisplayName="Incident" id="{a58c2822-51b7-4919-b85c-d94204f76f09}" />
      </MissingDependency>
      <MissingDependency>
        <Required type="2" schemaName="createdon" displayName="Created On" parentSchemaName="ovs_moc" parentDisplayName="MOC" solution="Active" />
        <Dependent type="26" schemaName="Active MOCs" displayName="Active MOCs" parentSchemaName="ovs_moc" parentDisplayName="MOC" id="{16c7fdca-c2ea-4bf8-af28-49824c5a829d}" />
      </MissingDependency>
      <MissingDependency>
        <Required type="2" schemaName="createdon" displayName="Created On" parentSchemaName="ovs_moc" parentDisplayName="MOC" solution="Active" />
        <Dependent type="26" schemaName="Inactive MOCs" displayName="Inactive MOCs" parentSchemaName="ovs_moc" parentDisplayName="MOC" id="{8d1d7fb6-52eb-4fae-afc4-151e1459134d}" />
      </MissingDependency>
      <MissingDependency>
        <Required type="2" schemaName="createdon" displayName="Created On" parentSchemaName="ovs_moc" parentDisplayName="MOC" solution="Active" />
        <Dependent type="26" schemaName="Quick Find Active MOCs" displayName="Quick Find Active MOCs" parentSchemaName="ovs_moc" parentDisplayName="MOC" id="{d5805d19-3312-406c-b84f-16624ddaf903}" />
      </MissingDependency>
      <MissingDependency>
        <Required type="2" schemaName="ovs_damage_ind" displayName="Damage" parentSchemaName="ovs_moc" parentDisplayName="MOC" solution="Active" />
        <Dependent type="60" displayName="Information" parentDisplayName="MOC" id="{ab7a68cf-1d72-4c50-a098-b985866dadf1}" />
      </MissingDependency>
      <MissingDependency>
        <Required type="2" schemaName="ovs_damage_location_cds" displayName="Damage Location" parentSchemaName="ovs_moc" parentDisplayName="MOC" solution="Active" />
        <Dependent type="60" displayName="Information" parentDisplayName="MOC" id="{ab7a68cf-1d72-4c50-a098-b985866dadf1}" />
      </MissingDependency>
      <MissingDependency>
        <Required type="2" schemaName="ovs_damage_type_cds" displayName="Damage Type" parentSchemaName="ovs_moc" parentDisplayName="MOC" solution="Active" />
        <Dependent type="60" displayName="Information" parentDisplayName="MOC" id="{ab7a68cf-1d72-4c50-a098-b985866dadf1}" />
      </MissingDependency>
      <MissingDependency>
        <Required type="2" schemaName="ovs_incident_report_id" displayName="Incident Report" parentSchemaName="ovs_moc" parentDisplayName="MOC" solution="Active" />
        <Dependent type="60" displayName="Information" parentDisplayName="MOC" id="{ab7a68cf-1d72-4c50-a098-b985866dadf1}" />
      </MissingDependency>
      <MissingDependency>
        <Required type="2" schemaName="ovs_moc_built_in_canada_ind" displayName="MOC Built in Canada?" parentSchemaName="ovs_moc" parentDisplayName="MOC" solution="Active" />
        <Dependent type="60" displayName="Information" parentDisplayName="MOC" id="{ab7a68cf-1d72-4c50-a098-b985866dadf1}" />
      </MissingDependency>
      <MissingDependency>
        <Required type="2" schemaName="ovs_moc_capacity_cd" displayName="MOC Capacity" parentSchemaName="ovs_moc" parentDisplayName="MOC" solution="Active" />
        <Dependent type="60" displayName="Information" parentDisplayName="MOC" id="{ab7a68cf-1d72-4c50-a098-b985866dadf1}" />
      </MissingDependency>
      <MissingDependency>
        <Required type="2" schemaName="ovs_mocid" displayName="MOC" parentSchemaName="ovs_moc" parentDisplayName="MOC" solution="Active" />
        <Dependent type="26" schemaName="Incident Active MOCs" displayName="Incident Active MOCs" parentSchemaName="ovs_moc" parentDisplayName="MOC" id="{075f5160-a434-ef11-8e4e-000d3af34b22}" />
      </MissingDependency>
      <MissingDependency>
        <Required type="2" schemaName="ovs_mocid" displayName="MOC" parentSchemaName="ovs_moc" parentDisplayName="MOC" solution="Active" />
        <Dependent type="26" schemaName="Active MOCs" displayName="Active MOCs" parentSchemaName="ovs_moc" parentDisplayName="MOC" id="{16c7fdca-c2ea-4bf8-af28-49824c5a829d}" />
      </MissingDependency>
      <MissingDependency>
        <Required type="2" schemaName="ovs_mocid" displayName="MOC" parentSchemaName="ovs_moc" parentDisplayName="MOC" solution="Active" />
        <Dependent type="26" schemaName="Inactive MOCs" displayName="Inactive MOCs" parentSchemaName="ovs_moc" parentDisplayName="MOC" id="{8d1d7fb6-52eb-4fae-afc4-151e1459134d}" />
      </MissingDependency>
      <MissingDependency>
        <Required type="2" schemaName="ovs_mocid" displayName="MOC" parentSchemaName="ovs_moc" parentDisplayName="MOC" solution="Active" />
        <Dependent type="26" schemaName="My MOCs" displayName="My MOCs" parentSchemaName="ovs_moc" parentDisplayName="MOC" id="{b10c1762-7a2a-ef11-840b-000d3a840a45}" />
      </MissingDependency>
      <MissingDependency>
        <Required type="2" schemaName="ovs_mocid" displayName="MOC" parentSchemaName="ovs_moc" parentDisplayName="MOC" solution="Active" />
        <Dependent type="26" schemaName="Quick Find Active MOCs" displayName="Quick Find Active MOCs" parentSchemaName="ovs_moc" parentDisplayName="MOC" id="{d5805d19-3312-406c-b84f-16624ddaf903}" />
      </MissingDependency>
      <MissingDependency>
        <Required type="2" schemaName="ovs_n_of_units_num" displayName="No. of Units" parentSchemaName="ovs_moc" parentDisplayName="MOC" solution="Active" />
        <Dependent type="60" displayName="Information" parentDisplayName="MOC" id="{ab7a68cf-1d72-4c50-a098-b985866dadf1}" />
      </MissingDependency>
      <MissingDependency>
        <Required type="2" schemaName="ovs_other_code_txt" displayName="Other Code" parentSchemaName="ovs_moc" parentDisplayName="MOC" solution="Active" />
        <Dependent type="60" displayName="Information" parentDisplayName="MOC" id="{ab7a68cf-1d72-4c50-a098-b985866dadf1}" />
      </MissingDependency>
      <MissingDependency>
        <Required type="2" schemaName="ovs_other_damage_location_txt" displayName="Other Damage Location" parentSchemaName="ovs_moc" parentDisplayName="MOC" solution="Active" />
        <Dependent type="60" displayName="Information" parentDisplayName="MOC" id="{ab7a68cf-1d72-4c50-a098-b985866dadf1}" />
      </MissingDependency>
      <MissingDependency>
        <Required type="2" schemaName="ovs_other_damage_txt" displayName="Other Damage Type" parentSchemaName="ovs_moc" parentDisplayName="MOC" solution="Active" />
        <Dependent type="60" displayName="Information" parentDisplayName="MOC" id="{ab7a68cf-1d72-4c50-a098-b985866dadf1}" />
      </MissingDependency>
      <MissingDependency>
        <Required type="2" schemaName="ovs_package_type_cd" displayName="Package Type" parentSchemaName="ovs_moc" parentDisplayName="MOC" solution="Active" />
        <Dependent type="60" displayName="Information" parentDisplayName="MOC" id="{ab7a68cf-1d72-4c50-a098-b985866dadf1}" />
      </MissingDependency>
      <MissingDependency>
        <Required type="2" schemaName="ovs_packages_num" displayName="Number of Packages" parentSchemaName="ovs_moc" parentDisplayName="MOC" solution="Active" />
        <Dependent type="60" displayName="Information" parentDisplayName="MOC" id="{ab7a68cf-1d72-4c50-a098-b985866dadf1}" />
      </MissingDependency>
      <MissingDependency>
        <Required type="2" schemaName="ovs_packages_released_num" displayName="Number of packages that​ sustained a release" parentSchemaName="ovs_moc" parentDisplayName="MOC" solution="Active" />
        <Dependent type="60" displayName="Information" parentDisplayName="MOC" id="{ab7a68cf-1d72-4c50-a098-b985866dadf1}" />
      </MissingDependency>
      <MissingDependency>
        <Required type="2" schemaName="ovs_release_ind" displayName="Release" parentSchemaName="ovs_moc" parentDisplayName="MOC" solution="Active" />
        <Dependent type="26" schemaName="Incident Active MOCs" displayName="Incident Active MOCs" parentSchemaName="ovs_moc" parentDisplayName="MOC" id="{075f5160-a434-ef11-8e4e-000d3af34b22}" />
      </MissingDependency>
      <MissingDependency>
        <Required type="2" schemaName="ovs_release_ind" displayName="Release" parentSchemaName="ovs_moc" parentDisplayName="MOC" solution="Active" />
        <Dependent type="60" displayName="Information" parentDisplayName="MOC" id="{ab7a68cf-1d72-4c50-a098-b985866dadf1}" />
      </MissingDependency>
      <MissingDependency>
        <Required type="2" schemaName="ovs_release_location_mcd" displayName="Release Location" parentSchemaName="ovs_moc" parentDisplayName="MOC" solution="Active" />
        <Dependent type="60" displayName="Information" parentDisplayName="MOC" id="{ab7a68cf-1d72-4c50-a098-b985866dadf1}" />
      </MissingDependency>
      <MissingDependency>
        <Required type="2" schemaName="ovs_release_location_other_txt" displayName="Other Release Location" parentSchemaName="ovs_moc" parentDisplayName="MOC" solution="Active" />
        <Dependent type="60" displayName="Information" parentDisplayName="MOC" id="{ab7a68cf-1d72-4c50-a098-b985866dadf1}" />
      </MissingDependency>
      <MissingDependency>
        <Required type="2" schemaName="ovs_reportable_moc_ind" displayName="Reportable MoC" parentSchemaName="ovs_moc" parentDisplayName="MOC" solution="Active" />
        <Dependent type="60" displayName="Information" parentDisplayName="MOC" id="{ab7a68cf-1d72-4c50-a098-b985866dadf1}" />
      </MissingDependency>
      <MissingDependency>
        <Required type="2" schemaName="ovs_specification_id" displayName="Specification" parentSchemaName="ovs_moc" parentDisplayName="MOC" solution="Active" />
        <Dependent type="60" displayName="Information" parentDisplayName="MOC" id="{ab7a68cf-1d72-4c50-a098-b985866dadf1}" />
      </MissingDependency>
      <MissingDependency>
        <Required type="2" schemaName="ovs_vehicle_configuration_cd" displayName="Vehicle Configuration" parentSchemaName="ovs_moc" parentDisplayName="MOC" solution="Active" />
        <Dependent type="60" displayName="Information" parentDisplayName="MOC" id="{ab7a68cf-1d72-4c50-a098-b985866dadf1}" />
      </MissingDependency>
      <MissingDependency>
        <Required type="2" schemaName="ovs_vehicle_type_cd" displayName="Vehicle Type" parentSchemaName="ovs_moc" parentDisplayName="MOC" solution="Active" />
        <Dependent type="60" displayName="Information" parentDisplayName="MOC" id="{ab7a68cf-1d72-4c50-a098-b985866dadf1}" />
      </MissingDependency>
      <MissingDependency>
        <Required type="2" schemaName="ownerid" displayName="Owner" parentSchemaName="ovs_moc" parentDisplayName="MOC" solution="Active" />
        <Dependent type="26" schemaName="My MOCs" displayName="My MOCs" parentSchemaName="ovs_moc" parentDisplayName="MOC" id="{b10c1762-7a2a-ef11-840b-000d3a840a45}" />
      </MissingDependency>
      <MissingDependency>
        <Required type="2" schemaName="ownerid" displayName="Owner" parentSchemaName="ovs_moc" parentDisplayName="MOC" solution="Active" />
        <Dependent type="60" displayName="Information" parentDisplayName="MOC" id="{ab7a68cf-1d72-4c50-a098-b985866dadf1}" />
      </MissingDependency>
      <MissingDependency>
        <Required type="2" schemaName="statecode" displayName="Status" parentSchemaName="ovs_moc" parentDisplayName="MOC" solution="Active" />
        <Dependent type="26" schemaName="Incident Active MOCs" displayName="Incident Active MOCs" parentSchemaName="ovs_moc" parentDisplayName="MOC" id="{075f5160-a434-ef11-8e4e-000d3af34b22}" />
      </MissingDependency>
      <MissingDependency>
        <Required type="2" schemaName="statecode" displayName="Status" parentSchemaName="ovs_moc" parentDisplayName="MOC" solution="Active" />
        <Dependent type="26" schemaName="Active MOCs" displayName="Active MOCs" parentSchemaName="ovs_moc" parentDisplayName="MOC" id="{16c7fdca-c2ea-4bf8-af28-49824c5a829d}" />
      </MissingDependency>
      <MissingDependency>
        <Required type="2" schemaName="statecode" displayName="Status" parentSchemaName="ovs_moc" parentDisplayName="MOC" solution="Active" />
        <Dependent type="26" schemaName="Inactive MOCs" displayName="Inactive MOCs" parentSchemaName="ovs_moc" parentDisplayName="MOC" id="{8d1d7fb6-52eb-4fae-afc4-151e1459134d}" />
      </MissingDependency>
      <MissingDependency>
        <Required type="2" schemaName="statecode" displayName="Status" parentSchemaName="ovs_moc" parentDisplayName="MOC" solution="Active" />
        <Dependent type="26" schemaName="My MOCs" displayName="My MOCs" parentSchemaName="ovs_moc" parentDisplayName="MOC" id="{b10c1762-7a2a-ef11-840b-000d3a840a45}" />
      </MissingDependency>
      <MissingDependency>
        <Required type="2" schemaName="statecode" displayName="Status" parentSchemaName="ovs_moc" parentDisplayName="MOC" solution="Active" />
        <Dependent type="26" schemaName="Quick Find Active MOCs" displayName="Quick Find Active MOCs" parentSchemaName="ovs_moc" parentDisplayName="MOC" id="{d5805d19-3312-406c-b84f-16624ddaf903}" />
      </MissingDependency>
      <MissingDependency>
        <Required type="20" displayName="Incident Analyst" solution="Active" id="{dcd94023-b82c-ef11-8e50-000d3a0c4626}" />
        <Dependent type="60" displayName="Information" parentDisplayName="Incident" id="{a58c2822-51b7-4919-b85c-d94204f76f09}" />
      </MissingDependency>
      <MissingDependency>
        <Required type="26" schemaName="Dangerous goods MOC form" displayName="Dangerous goods MOC form" parentSchemaName="ovs_moc_dangerousgood" parentDisplayName="MOC Dangerous Good" solution="Active" id="{218e3fac-6a95-ef11-8a68-002248b24508}" />
        <Dependent type="60" displayName="Information" parentDisplayName="MOC" id="{ab7a68cf-1d72-4c50-a098-b985866dadf1}" />
      </MissingDependency>
      <MissingDependency>
        <Required type="26" schemaName="Incident grid - Active Incident Reports " displayName="Incident grid - Active Incident Reports " parentSchemaName="ovs_incident_report" parentDisplayName="Incident Report" solution="Active" id="{386bccfe-f869-ef11-a671-000d3a843b46}" />
        <Dependent type="60" displayName="Information" parentDisplayName="Incident" id="{a58c2822-51b7-4919-b85c-d94204f76f09}" />
      </MissingDependency>
      <MissingDependency>
        <Required type="26" schemaName="Active MOC Dangerous Goods" displayName="Active MOC Dangerous Goods" parentSchemaName="ovs_moc_dangerousgood" parentDisplayName="MOC Dangerous Good" solution="Active" id="{9739acd7-5f54-4e1d-9702-812c32550ba5}" />
        <Dependent type="60" displayName="Information" parentDisplayName="MOC" id="{ab7a68cf-1d72-4c50-a098-b985866dadf1}" />
      </MissingDependency>
      <MissingDependency>
        <Required type="26" schemaName="Active Incident Reports" displayName="Active Incident Reports" parentSchemaName="ovs_incident_report" parentDisplayName="Incident Report" solution="Active" id="{be024552-2b68-4f53-8862-dfea76562bfb}" />
        <Dependent type="60" displayName="Information" parentDisplayName="Incident" id="{a58c2822-51b7-4919-b85c-d94204f76f09}" />
      </MissingDependency>
      <MissingDependency>
        <Required type="61" schemaName="ovs_DGAIS_MOC_MainForm.js" displayName="ovs_DGAIS_MOC_MainForm.js" solution="Active" />
        <Dependent type="60" displayName="Information" parentDisplayName="MOC" id="{ab7a68cf-1d72-4c50-a098-b985866dadf1}" />
      </MissingDependency>
      <MissingDependency>
        <Required type="61" schemaName="ovs_Incident_MainForm.js" displayName="ovs_Incident_MainForm.js" solution="Active" />
        <Dependent type="60" displayName="Information" parentDisplayName="Incident" id="{a58c2822-51b7-4919-b85c-d94204f76f09}" />
      </MissingDependency>
      <MissingDependency>
        <Required type="61" schemaName="qm_globalHelper.js" displayName="qm_globalHelper.js" solution="Active" />
        <Dependent type="60" displayName="Information" parentDisplayName="Incident" id="{a58c2822-51b7-4919-b85c-d94204f76f09}" />
      </MissingDependency>
      <MissingDependency>
        <Required type="61" schemaName="qm_globalHelper.js" displayName="qm_globalHelper.js" solution="Active" />
        <Dependent type="60" displayName="Information" parentDisplayName="MOC" id="{ab7a68cf-1d72-4c50-a098-b985866dadf1}" />
      </MissingDependency>
      <MissingDependency>
        <Required type="66" schemaName="MscrmControls.FieldControls.ToggleControl" displayName="MscrmControls.FieldControls.ToggleControl" solution="BaseCustomControlsCore (9.0.2412.4010)">
          <package appName="Base Custom Controls" version="9.0.2412.4010">BaseCustomControlsCore (9.0.2412.4010)</package>
        </Required>
        <Dependent type="60" displayName="Information" parentDisplayName="Incident" id="{a58c2822-51b7-4919-b85c-d94204f76f09}" />
      </MissingDependency>
      <MissingDependency>
        <Required type="66" schemaName="MscrmControls.FieldControls.ToggleControl" displayName="MscrmControls.FieldControls.ToggleControl" solution="BaseCustomControlsCore (9.0.2412.4010)">
          <package appName="Base Custom Controls" version="9.0.2412.4010">BaseCustomControlsCore (9.0.2412.4010)</package>
        </Required>
        <Dependent type="60" displayName="Information" parentDisplayName="MOC" id="{ab7a68cf-1d72-4c50-a098-b985866dadf1}" />
      </MissingDependency>
      <MissingDependency>
        <Required type="66" schemaName="MscrmControls.OptionSet.OptionSetControl" displayName="MscrmControls.OptionSet.OptionSetControl" solution="CustomControlsCore (9.2.24124.00146)">
          <package appName="Custom Controls Package" version="9.2.24124.00146">CustomControlsCore (9.2.24124.00146)</package>
        </Required>
        <Dependent type="60" displayName="Information" parentDisplayName="Incident" id="{a58c2822-51b7-4919-b85c-d94204f76f09}" />
      </MissingDependency>
      <MissingDependency>
        <Required type="9" schemaName="ovs_address_type" displayName="Address Type" solution="Active" />
        <Dependent type="2" schemaName="ovs_address_type_cd" displayName="Address Type" parentSchemaName="ovs_incident_report" parentDisplayName="Incident Report" />
      </MissingDependency>
      <MissingDependency>
        <Required type="9" schemaName="ovs_lld_quarter" displayName="Legal Land Description - Quarter" solution="Active" />
        <Dependent type="2" schemaName="ovs_quarter_lsd_cd" displayName="Quarter / LSD" parentSchemaName="ovs_incident" parentDisplayName="Incident" />
      </MissingDependency>
      <MissingDependency>
        <Required type="9" schemaName="ovs_yesnounknown" displayName="Yes/No/Unknown" solution="Active" />
        <Dependent type="2" schemaName="ovs_serious_jeopardy_cd" displayName="Serious Jeopardy (Air only mode)" parentSchemaName="ovs_incident" parentDisplayName="Incident" />
      </MissingDependency>
    </MissingDependencies>
  </SolutionManifest>
</ImportExportXml>